date,adjClose
2013-01-02 00:00:00+00:00,64.5372794629
2013-01-03 00:00:00+00:00,64.8722335538
2013-01-04 00:00:00+00:00,65.0564583038
2013-01-07 00:00:00+00:00,63.7501373493
2013-01-08 00:00:00+00:00,62.0753668948
2013-01-09 00:00:00+00:00,64.2776900424
2013-01-10 00:00:00+00:00,64.5540271674
2013-01-11 00:00:00+00:00,62.9378736789
2013-01-14 00:00:00+00:00,64.1018391447
2013-01-15 00:00:00+00:00,64.4284193833
2013-01-16 00:00:00+00:00,62.2512177925
2013-01-17 00:00:00+00:00,63.0216122016
2013-01-18 00:00:00+00:00,62.8373874516
2013-01-22 00:00:00+00:00,62.1004884516
2013-01-23 00:00:00+00:00,62.2093485312
2013-01-24 00:00:00+00:00,63.0718553152
2013-01-25 00:00:00+00:00,62.8290135993
2013-01-28 00:00:00+00:00,61.9665068153
2013-01-29 00:00:00+00:00,61.6734219857
2013-01-30 00:00:00+00:00,62.4605640993
2013-01-31 00:00:00+00:00,61.8576467357
2013-02-01 00:00:00+00:00,62.695031963
2013-02-04 00:00:00+00:00,62.9797429402
2013-02-05 00:00:00+00:00,63.5491648947
2013-02-06 00:00:00+00:00,63.8841189856
2013-02-07 00:00:00+00:00,64.8387381447
2013-02-08 00:00:00+00:00,64.110212997
2013-02-11 00:00:00+00:00,63.5324171902
2013-02-12 00:00:00+00:00,63.6329034175
2013-02-13 00:00:00+00:00,63.0257991277
2013-02-14 00:00:00+00:00,63.1522215651
2013-02-15 00:00:00+00:00,63.2365031901
2013-02-19 00:00:00+00:00,62.9162330153
2013-02-20 00:00:00+00:00,63.0257991277
2013-02-21 00:00:00+00:00,64.0624631144
2013-02-22 00:00:00+00:00,64.6102936765
2013-02-25 00:00:00+00:00,63.2365031901
2013-02-26 00:00:00+00:00,63.7590492647
2013-02-27 00:00:00+00:00,65.2002650511
2013-02-28 00:00:00+00:00,64.8125695764
2013-03-01 00:00:00+00:00,65.1328397511
2013-03-04 00:00:00+00:00,64.9727046637
2013-03-05 00:00:00+00:00,66.2959261753
2013-03-06 00:00:00+00:00,66.649909
2013-03-07 00:00:00+00:00,68.3102570112
2013-03-08 00:00:00+00:00,68.4619639361
2013-03-11 00:00:00+00:00,69.9031797226
2013-03-12 00:00:00+00:00,70.9314155468
2013-03-13 00:00:00+00:00,71.4286771339
2013-03-14 00:00:00+00:00,71.3191110215
2013-03-15 00:00:00+00:00,72.8446084328
2013-03-18 00:00:00+00:00,71.7910881211
2013-03-19 00:00:00+00:00,72.0692174834
2013-03-20 00:00:00+00:00,71.9512232085
2013-03-21 00:00:00+00:00,71.0746943092
2013-03-22 00:00:00+00:00,71.4876742714
2013-03-25 00:00:00+00:00,71.5129587588
2013-03-26 00:00:00+00:00,73.0047435202
2013-03-27 00:00:00+00:00,72.6507606955
2013-03-28 00:00:00+00:00,72.3557750082
2013-04-01 00:00:00+00:00,71.8500852586
2013-04-02 00:00:00+00:00,70.8724184093
2013-04-03 00:00:00+00:00,71.0999787967
2013-04-04 00:00:00+00:00,71.5972403838
2013-04-05 00:00:00+00:00,72.625476208
2013-04-08 00:00:00+00:00,73.1143096326
2013-04-09 00:00:00+00:00,73.5020051074
2013-04-10 00:00:00+00:00,74.0161230195
2013-04-11 00:00:00+00:00,74.6145225565
2013-04-12 00:00:00+00:00,74.9179364063
2013-04-15 00:00:00+00:00,73.1311659576
2013-04-16 00:00:00+00:00,73.2323039076
2013-04-17 00:00:00+00:00,73.0637406577
2013-04-18 00:00:00+00:00,72.5833353955
2013-04-19 00:00:00+00:00,74.1341172944
2013-04-22 00:00:00+00:00,73.27444472
2013-04-23 00:00:00+00:00,74.3195368692
2013-04-24 00:00:00+00:00,76.5529999301
2013-04-25 00:00:00+00:00,77.2609655795
2013-04-26 00:00:00+00:00,78.2554887538
2013-04-29 00:00:00+00:00,77.4548133169
2013-04-30 00:00:00+00:00,77.0418333547
2013-05-01 00:00:00+00:00,76.8479856173
2013-05-02 00:00:00+00:00,77.7160863542
2013-05-03 00:00:00+00:00,79.0055952157
2013-05-06 00:00:00+00:00,79.3848625279
2013-05-07 00:00:00+00:00,79.8905522776
2013-05-08 00:00:00+00:00,79.6672059715
2013-05-09 00:00:00+00:00,80.150088866
2013-05-10 00:00:00+00:00,79.8366385661
2013-05-13 00:00:00+00:00,80.277163312
2013-05-14 00:00:00+00:00,81.4208333254
2013-05-15 00:00:00+00:00,82.1917516307
2013-05-16 00:00:00+00:00,81.8189999226
2013-05-17 00:00:00+00:00,83.8013612792
2013-05-20 00:00:00+00:00,83.6319286846
2013-05-21 00:00:00+00:00,83.6573435738
2013-05-22 00:00:00+00:00,82.9626699361
2013-05-23 00:00:00+00:00,84.5045065467
2013-05-24 00:00:00+00:00,84.71629729
2013-05-28 00:00:00+00:00,84.809485217
2013-05-29 00:00:00+00:00,83.9453789846
2013-05-30 00:00:00+00:00,85.1737652953
2013-05-31 00:00:00+00:00,83.8860775765
2013-06-03 00:00:00+00:00,85.3431978899
2013-06-04 00:00:00+00:00,84.3859037305
2013-06-05 00:00:00+00:00,83.4370812009
2013-06-06 00:00:00+00:00,84.5129781765
2013-06-07 00:00:00+00:00,86.8257330925
2013-06-10 00:00:00+00:00,86.6139423493
2013-06-11 00:00:00+00:00,86.1988324925
2013-06-12 00:00:00+00:00,85.4618007061
2013-06-13 00:00:00+00:00,86.5461693114
2013-06-14 00:00:00+00:00,86.2666055304
2013-06-17 00:00:00+00:00,87.2832010978
2013-06-18 00:00:00+00:00,88.1727222194
2013-06-19 00:00:00+00:00,86.622413979
2013-06-20 00:00:00+00:00,84.4113186197
2013-06-21 00:00:00+00:00,84.6993540305
2013-06-24 00:00:00+00:00,82.8948968982
2013-06-25 00:00:00+00:00,83.589570536
2013-06-26 00:00:00+00:00,85.3516695196
2013-06-27 00:00:00+00:00,87.3848606546
2013-06-28 00:00:00+00:00,86.7833749438
2013-07-01 00:00:00+00:00,87.4611053222
2013-07-02 00:00:00+00:00,85.9616268601
2013-07-03 00:00:00+00:00,87.1645982816
2013-07-05 00:00:00+00:00,88.2743817761
2013-07-08 00:00:00+00:00,88.4183994815
2013-07-09 00:00:00+00:00,88.6810200031
2013-07-10 00:00:00+00:00,89.3756936409
2013-07-11 00:00:00+00:00,90.5447785435
2013-07-12 00:00:00+00:00,86.3004920493
2013-07-15 00:00:00+00:00,89.5112397166
2013-07-16 00:00:00+00:00,88.2997966653
2013-07-17 00:00:00+00:00,88.7742079301
2013-07-18 00:00:00+00:00,91.1801507732
2013-07-19 00:00:00+00:00,90.6125515813
2013-07-22 00:00:00+00:00,90.527835284
2013-07-23 00:00:00+00:00,91.3156968488
2013-07-24 00:00:00+00:00,90.6040799516
2013-07-25 00:00:00+00:00,90.3922892084
2013-07-26 00:00:00+00:00,89.4604099382
2013-07-29 00:00:00+00:00,88.7911511896
2013-07-30 00:00:00+00:00,89.5705411247
2013-07-31 00:00:00+00:00,89.0368284517
2013-08-01 00:00:00+00:00,90.3922892084
2013-08-02 00:00:00+00:00,91.4088847759
2013-08-05 00:00:00+00:00,91.0700195867
2013-08-06 00:00:00+00:00,90.6803246192
2013-08-07 00:00:00+00:00,90.5659576178
2013-08-08 00:00:00+00:00,90.0723637875
2013-08-09 00:00:00+00:00,89.6383416264
2013-08-12 00:00:00+00:00,88.7107256351
2013-08-13 00:00:00+00:00,90.4042630872
2013-08-14 00:00:00+00:00,88.6426437274
2013-08-15 00:00:00+00:00,87.4256796286
2013-08-16 00:00:00+00:00,88.0554372742
2013-08-19 00:00:00+00:00,89.1192170808
2013-08-20 00:00:00+00:00,89.0426249347
2013-08-21 00:00:00+00:00,88.4298877661
2013-08-22 00:00:00+00:00,89.4766470958
2013-08-23 00:00:00+00:00,89.7659952032
2013-08-26 00:00:00+00:00,89.8085463955
2013-08-27 00:00:00+00:00,87.8341710744
2013-08-28 00:00:00+00:00,87.8852325051
2013-08-29 00:00:00+00:00,89.2979320883
2013-08-30 00:00:00+00:00,88.4383980046
2013-09-03 00:00:00+00:00,89.3660139959
2013-09-04 00:00:00+00:00,90.5234064256
2013-09-05 00:00:00+00:00,90.7616931022
2013-09-06 00:00:00+00:00,90.268099272
2013-09-09 00:00:00+00:00,91.2212459787
2013-09-10 00:00:00+00:00,92.0552493471
2013-09-11 00:00:00+00:00,92.9573346231
2013-09-12 00:00:00+00:00,93.442418215
2013-09-13 00:00:00+00:00,94.7444846983
2013-09-16 00:00:00+00:00,98.4379281869
2013-09-17 00:00:00+00:00,99.6634025242
2013-09-18 00:00:00+00:00,100.7612232846
2013-09-19 00:00:00+00:00,101.3058785456
2013-09-20 00:00:00+00:00,99.2549110784
2013-09-23 00:00:00+00:00,100.0038120623
2013-09-24 00:00:00+00:00,101.2718375918
2013-09-25 00:00:00+00:00,100.8548359076
2013-09-26 00:00:00+00:00,101.595226653
2013-09-27 00:00:00+00:00,101.050571392
2013-09-30 00:00:00+00:00,99.9953018239
2013-10-01 00:00:00+00:00,100.2080577852
2013-10-02 00:00:00+00:00,100.2846499313
2013-10-03 00:00:00+00:00,98.0719879335
2013-10-04 00:00:00+00:00,99.7399946703
2013-10-07 00:00:00+00:00,99.3059725092
2013-10-08 00:00:00+00:00,98.2421927025
2013-10-09 00:00:00+00:00,97.4166995726
2013-10-10 00:00:00+00:00,101.1867352073
2013-10-11 00:00:00+00:00,100.4037932696
2013-10-14 00:00:00+00:00,101.6633085607
2013-10-15 00:00:00+00:00,100.5739980387
2013-10-16 00:00:00+00:00,102.4122095445
2013-10-17 00:00:00+00:00,104.0717060429
2013-10-18 00:00:00+00:00,104.2674415273
2013-10-21 00:00:00+00:00,103.3738664897
2013-10-22 00:00:00+00:00,104.2334005735
2013-10-23 00:00:00+00:00,109.7990965218
2013-10-24 00:00:00+00:00,109.765055568
2013-10-25 00:00:00+00:00,111.6458182661
2013-10-28 00:00:00+00:00,110.5309770288
2013-10-29 00:00:00+00:00,110.3437517828
2013-10-30 00:00:00+00:00,110.3607722597
2013-10-31 00:00:00+00:00,111.0586118129
2013-11-01 00:00:00+00:00,113.2117021415
2013-11-04 00:00:00+00:00,113.0074564186
2013-11-05 00:00:00+00:00,113.671255018
2013-11-06 00:00:00+00:00,113.6755101372
2013-11-07 00:00:00+00:00,112.3259924723
2013-11-08 00:00:00+00:00,114.0171601789
2013-11-11 00:00:00+00:00,113.1972000788
2013-11-12 00:00:00+00:00,113.0263750579
2013-11-13 00:00:00+00:00,113.7438401456
2013-11-14 00:00:00+00:00,115.3837603459
2013-11-15 00:00:00+00:00,116.2293441992
2013-11-18 00:00:00+00:00,118.1767494371
2013-11-19 00:00:00+00:00,116.9980567931
2013-11-20 00:00:00+00:00,113.1288700704
2013-11-21 00:00:00+00:00,113.5388501205
2013-11-22 00:00:00+00:00,116.1353904377
2013-11-25 00:00:00+00:00,113.5986388778
2013-11-26 00:00:00+00:00,115.1189815635
2013-11-27 00:00:00+00:00,115.0677340573
2013-11-29 00:00:00+00:00,114.6662952582
2013-12-02 00:00:00+00:00,114.5894239989
2013-12-03 00:00:00+00:00,112.7445137735
2013-12-04 00:00:00+00:00,112.3174512213
2013-12-05 00:00:00+00:00,113.3680250996
2013-12-06 00:00:00+00:00,115.4606316053
2013-12-09 00:00:00+00:00,115.0335690531
2013-12-10 00:00:00+00:00,114.1965264509
2013-12-11 00:00:00+00:00,113.2228238319
2013-12-12 00:00:00+00:00,113.5644738736
2013-12-13 00:00:00+00:00,114.3075627144
2013-12-16 00:00:00+00:00,115.0677340573
2013-12-17 00:00:00+00:00,116.0585191783
2013-12-18 00:00:00+00:00,115.7254103876
2013-12-19 00:00:00+00:00,115.4520903542
2013-12-20 00:00:00+00:00,116.7332780108
2013-12-23 00:00:00+00:00,116.5026642326
2013-12-24 00:00:00+00:00,116.8699380275
2013-12-26 00:00:00+00:00,118.0998781777
2013-12-27 00:00:00+00:00,116.9297267848
2013-12-30 00:00:00+00:00,116.0926841825
2013-12-31 00:00:00+00:00,116.579535492
2014-01-02 00:00:00+00:00,116.7332780108
2014-01-03 00:00:00+00:00,117.5446968599
2014-01-06 00:00:00+00:00,118.2194556923
2014-01-07 00:00:00+00:00,120.0131184114
2014-01-08 00:00:00+00:00,120.2778971938
2014-01-09 00:00:00+00:00,121.3968010805
2014-01-10 00:00:00+00:00,121.2003523065
2014-01-13 00:00:00+00:00,120.1754021813
2014-01-14 00:00:00+00:00,119.5860558593
2014-01-15 00:00:00+00:00,120.1070721729
2014-01-16 00:00:00+00:00,119.7568808801
2014-01-17 00:00:00+00:00,119.9704121562
2014-01-21 00:00:00+00:00,121.0039035325
2014-01-22 00:00:00+00:00,123.3100413142
2014-01-23 00:00:00+00:00,120.6964184949
2014-01-24 00:00:00+00:00,116.7161955087
2014-01-27 00:00:00+00:00,117.3226243328
2014-01-28 00:00:00+00:00,117.0920105546
2014-01-29 00:00:00+00:00,110.8483560418
2014-01-30 00:00:00+00:00,108.0724494527
2014-01-31 00:00:00+00:00,106.9877105702
2014-02-03 00:00:00+00:00,105.1257178427
2014-02-04 00:00:00+00:00,104.2374277342
2014-02-05 00:00:00+00:00,103.6907876674
2014-02-06 00:00:00+00:00,104.7755265499
2014-02-07 00:00:00+00:00,108.4909707538
2014-02-10 00:00:00+00:00,108.6105482684
2014-02-11 00:00:00+00:00,111.1729235815
2014-02-12 00:00:00+00:00,110.0625609458
2014-02-13 00:00:00+00:00,111.2393790875
2014-02-14 00:00:00+00:00,111.8063133748
2014-02-18 00:00:00+00:00,112.2100393066
2014-02-19 00:00:00+00:00,110.2858986953
2014-02-20 00:00:00+00:00,111.2909185682
2014-02-21 00:00:00+00:00,110.1914096475
2014-02-24 00:00:00+00:00,111.3166883085
2014-02-25 00:00:00+00:00,108.902922631
2014-02-26 00:00:00+00:00,108.7568941025
2014-02-27 00:00:00+00:00,110.4319272239
2014-02-28 00:00:00+00:00,110.7411641078
2014-03-03 00:00:00+00:00,110.1398701668
2014-03-04 00:00:00+00:00,111.8664427689
2014-03-05 00:00:00+00:00,110.6294952331
2014-03-06 00:00:00+00:00,110.6896246272
2014-03-07 00:00:00+00:00,110.414747397
2014-03-10 00:00:00+00:00,108.9974116789
2014-03-11 00:00:00+00:00,107.9494422388
2014-03-12 00:00:00+00:00,106.8842929719
2014-03-13 00:00:00+00:00,104.7024549574
2014-03-14 00:00:00+00:00,105.7504243974
2014-03-17 00:00:00+00:00,107.7346944028
2014-03-18 00:00:00+00:00,106.5492863476
2014-03-19 00:00:00+00:00,105.0031019279
2014-03-20 00:00:00+00:00,106.2829990309
2014-03-21 00:00:00+00:00,105.2951589849
2014-03-24 00:00:00+00:00,106.0167117141
2014-03-25 00:00:00+00:00,106.5321065207
2014-03-26 00:00:00+00:00,106.111200762
2014-03-27 00:00:00+00:00,105.8363235318
2014-03-28 00:00:00+00:00,106.9100627122
2014-03-31 00:00:00+00:00,107.7948237969
2014-04-01 00:00:00+00:00,110.1312802534
2014-04-02 00:00:00+00:00,110.2171793878
2014-04-03 00:00:00+00:00,110.6209053196
2014-04-04 00:00:00+00:00,109.4183174376
2014-04-07 00:00:00+00:00,107.8807229313
2014-04-08 00:00:00+00:00,106.6437753955
2014-04-09 00:00:00+00:00,108.9888217654
2014-04-10 00:00:00+00:00,106.2056898099
2014-04-11 00:00:00+00:00,104.8570733993
2014-04-14 00:00:00+00:00,105.8706831856
2014-04-15 00:00:00+00:00,106.7468543568
2014-04-16 00:00:00+00:00,108.2672690362
2014-04-17 00:00:00+00:00,109.8821727635
2014-04-21 00:00:00+00:00,109.7962736291
2014-04-22 00:00:00+00:00,109.5643459661
2014-04-23 00:00:00+00:00,112.2100393066
2014-04-24 00:00:00+00:00,111.5486159715
2014-04-25 00:00:00+00:00,110.5178263583
2014-04-28 00:00:00+00:00,109.1262603805
2014-04-29 00:00:00+00:00,110.2687188685
2014-04-30 00:00:00+00:00,110.8270632423
2014-05-01 00:00:00+00:00,110.3460280894
2014-05-02 00:00:00+00:00,111.617335279
2014-05-05 00:00:00+00:00,113.3524977945
2014-05-06 00:00:00+00:00,112.3818375755
2014-05-07 00:00:00+00:00,112.5965854115
2014-05-08 00:00:00+00:00,112.7866218426
2014-05-09 00:00:00+00:00,113.2444368811
2014-05-12 00:00:00+00:00,114.5401398202
2014-05-13 00:00:00+00:00,115.2743714858
2014-05-14 00:00:00+00:00,114.8770225844
2014-05-15 00:00:00+00:00,113.3394550966
2014-05-16 00:00:00+00:00,112.9939343129
2014-05-19 00:00:00+00:00,113.460387371
2014-05-20 00:00:00+00:00,111.9314579028
2014-05-21 00:00:00+00:00,113.1235046068
2014-05-22 00:00:00+00:00,113.8836503311
2014-05-23 00:00:00+00:00,114.376017448
2014-05-27 00:00:00+00:00,115.8963088965
2014-05-28 00:00:00+00:00,116.0345172101
2014-05-29 00:00:00+00:00,116.7341967972
2014-05-30 00:00:00+00:00,116.8292150127
2014-06-02 00:00:00+00:00,117.3906862864
2014-06-03 00:00:00+00:00,117.3734102472
2014-06-04 00:00:00+00:00,116.8983191695
2014-06-05 00:00:00+00:00,118.185384089
2014-06-06 00:00:00+00:00,119.420620891
2014-06-09 00:00:00+00:00,119.1701183228
2014-06-10 00:00:00+00:00,118.5568189316
2014-06-11 00:00:00+00:00,115.8358427594
2014-06-12 00:00:00+00:00,114.1859810169
2014-06-13 00:00:00+00:00,114.2723612128
2014-06-16 00:00:00+00:00,114.4883117027
2014-06-17 00:00:00+00:00,114.4105695263
2014-06-18 00:00:00+00:00,114.4364835851
2014-06-19 00:00:00+00:00,114.7301762513
2014-06-20 00:00:00+00:00,114.1082388405
2014-06-23 00:00:00+00:00,113.0284863912
2014-06-24 00:00:00+00:00,111.5600230602
2014-06-25 00:00:00+00:00,109.754676965
2014-06-26 00:00:00+00:00,110.5839268461
2014-06-27 00:00:00+00:00,111.033103865
2014-06-30 00:00:00+00:00,109.9015232981
2014-07-01 00:00:00+00:00,110.6962211008
2014-07-02 00:00:00+00:00,110.2384060623
2014-07-03 00:00:00+00:00,111.0071898062
2014-07-07 00:00:00+00:00,111.5081949426
2014-07-08 00:00:00+00:00,109.521450436
2014-07-09 00:00:00+00:00,109.521450436
2014-07-10 00:00:00+00:00,109.521450436
2014-07-11 00:00:00+00:00,110.6443929832
2014-07-14 00:00:00+00:00,111.8796297852
2014-07-15 00:00:00+00:00,111.5168329622
2014-07-16 00:00:00+00:00,110.0656456704
2014-07-17 00:00:00+00:00,108.7353906529
2014-07-18 00:00:00+00:00,110.2556821015
2014-07-21 00:00:00+00:00,110.8257913947
2014-07-22 00:00:00+00:00,112.0696662163
2014-07-23 00:00:00+00:00,109.4523462792
2014-07-24 00:00:00+00:00,107.4569637529
2014-07-25 00:00:00+00:00,106.4204014016
2014-07-28 00:00:00+00:00,106.2994691273
2014-07-29 00:00:00+00:00,105.6602556773
2014-07-30 00:00:00+00:00,105.6343416185
2014-07-31 00:00:00+00:00,104.070860072
2014-08-01 00:00:00+00:00,103.984479876
2014-08-04 00:00:00+00:00,103.5957689943
2014-08-05 00:00:00+00:00,104.7532636199
2014-08-06 00:00:00+00:00,102.8528993092
2014-08-07 00:00:00+00:00,104.1565950077
2014-08-08 00:00:00+00:00,104.8432080756
2014-08-11 00:00:00+00:00,104.9909602548
2014-08-12 00:00:00+00:00,104.7041472011
2014-08-13 00:00:00+00:00,106.0165342043
2014-08-14 00:00:00+00:00,107.8677820962
2014-08-15 00:00:00+00:00,107.0421081538
2014-08-18 00:00:00+00:00,108.6239256013
2014-08-19 00:00:00+00:00,109.1454038807
2014-08-20 00:00:00+00:00,110.683764805
2014-08-21 00:00:00+00:00,110.8141343748
2014-08-22 00:00:00+00:00,110.7793691562
2014-08-25 00:00:00+00:00,111.5355126614
2014-08-26 00:00:00+00:00,111.7701778871
2014-08-27 00:00:00+00:00,111.4225257008
2014-08-28 00:00:00+00:00,110.4751734932
2014-08-29 00:00:00+00:00,110.2057430489
2014-09-02 00:00:00+00:00,109.0584908342
2014-09-03 00:00:00+00:00,109.4582908484
2014-09-04 00:00:00+00:00,109.0411082249
2014-09-05 00:00:00+00:00,108.3718777663
2014-09-08 00:00:00+00:00,111.2313169984
2014-09-09 00:00:00+00:00,111.4312170055
2014-09-10 00:00:00+00:00,111.4399083101
2014-09-11 00:00:00+00:00,110.93581264
2014-09-12 00:00:00+00:00,110.3361126187
2014-09-15 00:00:00+00:00,109.7798691207
2014-09-16 00:00:00+00:00,110.657690891
2014-09-17 00:00:00+00:00,111.0401082959
2014-09-18 00:00:00+00:00,111.7527952778
2014-09-19 00:00:00+00:00,112.4220257364
2014-09-22 00:00:00+00:00,111.7788691918
2014-09-23 00:00:00+00:00,110.709838719
2014-09-24 00:00:00+00:00,111.7527952778
2014-09-25 00:00:00+00:00,110.5012474072
2014-09-26 00:00:00+00:00,111.848399629
2014-09-29 00:00:00+00:00,111.9179300663
2014-09-30 00:00:00+00:00,110.709838719
2014-10-01 00:00:00+00:00,108.354495157
2014-10-02 00:00:00+00:00,107.9199299241
2014-10-03 00:00:00+00:00,109.823325644
2014-10-06 00:00:00+00:00,109.7364125974
2014-10-07 00:00:00+00:00,107.1811690283
2014-10-08 00:00:00+00:00,108.6239256013
2014-10-09 00:00:00+00:00,106.6944559675
2014-10-10 00:00:00+00:00,105.5993515807
2014-10-13 00:00:00+00:00,104.6867645918
2014-10-14 00:00:00+00:00,106.2859646486
2014-10-15 00:00:00+00:00,104.4607906707
2014-10-16 00:00:00+00:00,104.5477037173
2014-10-17 00:00:00+00:00,107.111638591
2014-10-20 00:00:00+00:00,108.0416081893
2014-10-21 00:00:00+00:00,110.4838647979
2014-10-22 00:00:00+00:00,105.5558950575
2014-10-23 00:00:00+00:00,106.0599907276
2014-10-24 00:00:00+00:00,106.2425081253
2014-10-27 00:00:00+00:00,106.1382124695
2014-10-28 00:00:00+00:00,107.4332168633
2014-10-29 00:00:00+00:00,106.9725777165
2014-10-30 00:00:00+00:00,107.6157342611
2014-10-31 00:00:00+00:00,108.5630864687
2014-11-03 00:00:00+00:00,109.5365125903
2014-11-04 00:00:00+00:00,109.3713778018
2014-11-05 00:00:00+00:00,108.5978516874
2014-11-06 00:00:00+00:00,108.9125773886
2014-11-07 00:00:00+00:00,108.7989264409
2014-11-10 00:00:00+00:00,108.9650316721
2014-11-11 00:00:00+00:00,109.5944830746
2014-11-12 00:00:00+00:00,110.0403444847
2014-11-13 00:00:00+00:00,112.3658177216
2014-11-14 00:00:00+00:00,112.654316281
2014-11-17 00:00:00+00:00,112.2696515351
2014-11-18 00:00:00+00:00,114.2279447872
2014-11-19 00:00:00+00:00,115.0584709433
2014-11-20 00:00:00+00:00,115.1371523686
2014-11-21 00:00:00+00:00,116.0813294723
2014-11-24 00:00:00+00:00,117.6811851202
2014-11-25 00:00:00+00:00,117.856032732
2014-11-26 00:00:00+00:00,117.8298055903
2014-11-28 00:00:00+00:00,117.4626256055
2014-12-01 00:00:00+00:00,115.7403766293
2014-12-02 00:00:00+00:00,115.6442104428
2014-12-03 00:00:00+00:00,115.3731966445
2014-12-04 00:00:00+00:00,114.8049419062
2014-12-05 00:00:00+00:00,115.5830137787
2014-12-08 00:00:00+00:00,113.8957343248
2014-12-09 00:00:00+00:00,113.3537067282
2014-12-10 00:00:00+00:00,108.9650316721
2014-12-11 00:00:00+00:00,107.8547493372
2014-12-12 00:00:00+00:00,105.5817303838
2014-12-15 00:00:00+00:00,106.7269822411
2014-12-16 00:00:00+00:00,108.6240788291
2014-12-17 00:00:00+00:00,109.3322116569
2014-12-18 00:00:00+00:00,109.8654968729
2014-12-19 00:00:00+00:00,110.3550701859
2014-12-22 00:00:00+00:00,112.0948039233
2014-12-23 00:00:00+00:00,113.6771748101
2014-12-24 00:00:00+00:00,114.7350028614
2014-12-26 00:00:00+00:00,115.0759557044
2014-12-29 00:00:00+00:00,115.6529528234
2014-12-30 00:00:00+00:00,115.2508033162
2014-12-31 00:00:00+00:00,113.6334629071
2015-01-02 00:00:00+00:00,113.6072357653
2015-01-05 00:00:00+00:00,112.8204215123
2015-01-06 00:00:00+00:00,111.4915796626
2015-01-07 00:00:00+00:00,113.2225710194
2015-01-08 00:00:00+00:00,115.2245761745
2015-01-09 00:00:00+00:00,114.9972742791
2015-01-12 00:00:00+00:00,114.4115347796
2015-01-13 00:00:00+00:00,114.6738061973
2015-01-14 00:00:00+00:00,113.9831581307
2015-01-15 00:00:00+00:00,113.7733409966
2015-01-16 00:00:00+00:00,114.3328533543
2015-01-20 00:00:00+00:00,114.7175181003
2015-01-21 00:00:00+00:00,115.7578613905
2015-01-22 00:00:00+00:00,118.581650321
2015-01-23 00:00:00+00:00,117.6899275008
2015-01-26 00:00:00+00:00,117.2090965684
2015-01-27 00:00:00+00:00,115.8190580546
2015-01-28 00:00:00+00:00,122.0786025569
2015-01-29 00:00:00+00:00,129.1949003571
2015-01-30 00:00:00+00:00,127.0879866349
2015-02-02 00:00:00+00:00,127.8660585074
2015-02-03 00:00:00+00:00,128.8102356111
2015-02-04 00:00:00+00:00,128.705327044
2015-02-05 00:00:00+00:00,129.9117755655
2015-02-06 00:00:00+00:00,129.3872327301
2015-02-09 00:00:00+00:00,129.0200527453
2015-02-10 00:00:00+00:00,129.4222022524
2015-02-11 00:00:00+00:00,130.112850319
2015-02-12 00:00:00+00:00,130.2623850983
2015-02-13 00:00:00+00:00,131.7049559104
2015-02-17 00:00:00+00:00,131.8720830167
2015-02-18 00:00:00+00:00,132.9716034527
2015-02-19 00:00:00+00:00,135.2410136327
2015-02-20 00:00:00+00:00,139.2520641834
2015-02-23 00:00:00+00:00,136.111833818
2015-02-24 00:00:00+00:00,135.7951719325
2015-02-25 00:00:00+00:00,134.5900975346
2015-02-26 00:00:00+00:00,133.4641886081
2015-02-27 00:00:00+00:00,132.6901262211
2015-03-02 00:00:00+00:00,135.2849944501
2015-03-03 00:00:00+00:00,136.8419153876
2015-03-04 00:00:00+00:00,135.768783442
2015-03-05 00:00:00+00:00,135.8743374039
2015-03-06 00:00:00+00:00,134.6868553329
2015-03-09 00:00:00+00:00,136.1206299815
2015-03-10 00:00:00+00:00,134.0711238888
2015-03-11 00:00:00+00:00,132.9716034527
2015-03-12 00:00:00+00:00,133.7368696762
2015-03-13 00:00:00+00:00,133.3234499922
2015-03-16 00:00:00+00:00,135.1706443248
2015-03-17 00:00:00+00:00,135.9095220578
2015-03-18 00:00:00+00:00,136.9826540034
2015-03-19 00:00:00+00:00,135.5576755183
2015-03-20 00:00:00+00:00,135.9007258943
2015-03-23 00:00:00+00:00,134.4141742648
2015-03-24 00:00:00+00:00,133.3938193002
2015-03-25 00:00:00+00:00,130.3855313872
2015-03-26 00:00:00+00:00,130.3327544062
2015-03-27 00:00:00+00:00,130.9308935234
2015-03-30 00:00:00+00:00,134.3174164664
2015-03-31 00:00:00+00:00,132.0128216325
2015-04-01 00:00:00+00:00,130.7461740902
2015-04-02 00:00:00+00:00,131.3091285534
2015-04-06 00:00:00+00:00,132.760495529
2015-04-07 00:00:00+00:00,133.9831622539
2015-04-08 00:00:00+00:00,134.8979632567
2015-04-09 00:00:00+00:00,134.9507402376
2015-04-10 00:00:00+00:00,135.7951719325
2015-04-13 00:00:00+00:00,134.7924092948
2015-04-14 00:00:00+00:00,134.7660208043
2015-04-15 00:00:00+00:00,134.0799200522
2015-04-16 00:00:00+00:00,133.6752965318
2015-04-17 00:00:00+00:00,131.5906057851
2015-04-20 00:00:00+00:00,134.291027976
2015-04-21 00:00:00+00:00,134.8715747662
2015-04-22 00:00:00+00:00,132.9891957797
2015-04-23 00:00:00+00:00,131.8281021992
2015-04-24 00:00:00+00:00,130.5350661665
2015-04-27 00:00:00+00:00,130.0072963572
2015-04-28 00:00:00+00:00,129.752207616
2015-04-29 00:00:00+00:00,128.5559293816
2015-04-30 00:00:00+00:00,126.0842074414
2015-05-01 00:00:00+00:00,127.2540971853
2015-05-04 00:00:00+00:00,126.6823465586
2015-05-05 00:00:00+00:00,125.7059724114
2015-05-06 00:00:00+00:00,124.8615407165
2015-05-07 00:00:00+00:00,125.2599219794
2015-05-08 00:00:00+00:00,128.7745300101
2015-05-11 00:00:00+00:00,129.1552054391
2015-05-12 00:00:00+00:00,128.7479712592
2015-05-13 00:00:00+00:00,128.9161766813
2015-05-14 00:00:00+00:00,130.9877592485
2015-05-15 00:00:00+00:00,130.0316442175
2015-05-18 00:00:00+00:00,129.8811446293
2015-05-19 00:00:00+00:00,130.1821438057
2015-05-20 00:00:00+00:00,129.6244100376
2015-05-21 00:00:00+00:00,130.4477313144
2015-05-22 00:00:00+00:00,128.1990904081
2015-05-26 00:00:00+00:00,126.4196541004
2015-05-27 00:00:00+00:00,126.5967124394
2015-05-28 00:00:00+00:00,126.0035670035
2015-05-29 00:00:00+00:00,124.4011890349
2015-06-01 00:00:00+00:00,125.0474519725
2015-06-02 00:00:00+00:00,126.8180353633
2015-06-03 00:00:00+00:00,127.3137987127
2015-06-04 00:00:00+00:00,124.9943344708
2015-06-05 00:00:00+00:00,124.5871002909
2015-06-08 00:00:00+00:00,124.5074240383
2015-06-09 00:00:00+00:00,124.0293665228
2015-06-10 00:00:00+00:00,125.3750098998
2015-06-11 00:00:00+00:00,126.5613007716
2015-06-12 00:00:00+00:00,126.4196541004
2015-06-15 00:00:00+00:00,125.9681553357
2015-06-16 00:00:00+00:00,126.0124199205
2015-06-17 00:00:00+00:00,126.9773878685
2015-06-18 00:00:00+00:00,128.7037066745
2015-06-19 00:00:00+00:00,128.4823837506
2015-06-22 00:00:00+00:00,128.987000017
2015-06-23 00:00:00+00:00,127.8626795638
2015-06-24 00:00:00+00:00,126.5967124394
2015-06-25 00:00:00+00:00,126.109802007
2015-06-26 00:00:00+00:00,126.1363607578
2015-06-29 00:00:00+00:00,122.8165169002
2015-06-30 00:00:00+00:00,122.8076639832
2015-07-01 00:00:00+00:00,124.5871002909
2015-07-02 00:00:00+00:00,124.1267486093
2015-07-06 00:00:00+00:00,124.4011890349
2015-07-07 00:00:00+00:00,126.7295061938
2015-07-08 00:00:00+00:00,125.6405974084
2015-07-09 00:00:00+00:00,126.4196541004
2015-07-10 00:00:00+00:00,127.9069441486
2015-07-13 00:00:00+00:00,129.8014683767
2015-07-14 00:00:00+00:00,130.8018479925
2015-07-15 00:00:00+00:00,130.0404971345
2015-07-16 00:00:00+00:00,131.4569638471
2015-07-17 00:00:00+00:00,129.9962325497
2015-07-20 00:00:00+00:00,129.8899975463
2015-07-21 00:00:00+00:00,128.3672958302
2015-07-22 00:00:00+00:00,129.6686746224
2015-07-23 00:00:00+00:00,129.3499696121
2015-07-24 00:00:00+00:00,127.5351216365
2015-07-27 00:00:00+00:00,124.8526877995
2015-07-28 00:00:00+00:00,125.5432153219
2015-07-29 00:00:00+00:00,127.6059449722
2015-07-30 00:00:00+00:00,126.6055653564
2015-07-31 00:00:00+00:00,127.632503723
2015-08-03 00:00:00+00:00,127.2075637093
2015-08-04 00:00:00+00:00,127.074769955
2015-08-05 00:00:00+00:00,129.1286466882
2015-08-06 00:00:00+00:00,128.1219866623
2015-08-07 00:00:00+00:00,126.8747972497
2015-08-10 00:00:00+00:00,129.9393198065
2015-08-11 00:00:00+00:00,128.3268820658
2015-08-12 00:00:00+00:00,126.8837057455
2015-08-13 00:00:00+00:00,129.003927747
2015-08-14 00:00:00+00:00,129.2533656295
2015-08-17 00:00:00+00:00,128.6743134022
2015-08-18 00:00:00+00:00,128.8168493351
2015-08-19 00:00:00+00:00,127.1420521238
2015-08-20 00:00:00+00:00,122.0642095152
2015-08-21 00:00:00+00:00,117.3337982429
2015-08-24 00:00:00+00:00,113.3071581392
2015-08-25 00:00:00+00:00,111.7927138524
2015-08-26 00:00:00+00:00,115.2224847372
2015-08-27 00:00:00+00:00,117.4763341758
2015-08-28 00:00:00+00:00,118.696798101
2015-08-31 00:00:00+00:00,116.416223175
2015-09-01 00:00:00+00:00,113.5298705343
2015-09-02 00:00:00+00:00,116.371680696
2015-09-03 00:00:00+00:00,116.7191120324
2015-09-04 00:00:00+00:00,115.596641561
2015-09-08 00:00:00+00:00,119.2134908577
2015-09-09 00:00:00+00:00,118.1711968485
2015-09-10 00:00:00+00:00,118.9729614709
2015-09-11 00:00:00+00:00,119.9707130011
2015-09-14 00:00:00+00:00,119.7569091018
2015-09-15 00:00:00+00:00,121.4227978172
2015-09-16 00:00:00+00:00,122.2245624396
2015-09-17 00:00:00+00:00,122.4472748348
2015-09-18 00:00:00+00:00,121.2357194053
2015-09-21 00:00:00+00:00,121.1733599347
2015-09-22 00:00:00+00:00,119.3649352864
2015-09-23 00:00:00+00:00,117.2981642597
2015-09-24 00:00:00+00:00,115.5877330652
2015-09-25 00:00:00+00:00,116.7102035366
2015-09-28 00:00:00+00:00,114.1445567448
2015-09-29 00:00:00+00:00,114.6968834847
2015-09-30 00:00:00+00:00,116.6567525617
2015-10-01 00:00:00+00:00,116.3538637044
2015-10-02 00:00:00+00:00,118.0910203863
2015-10-05 00:00:00+00:00,119.3916607738
2015-10-06 00:00:00+00:00,119.9350790178
2015-10-07 00:00:00+00:00,122.0642095152
2015-10-08 00:00:00+00:00,123.8637256677
2015-10-09 00:00:00+00:00,124.4516863908
2015-10-12 00:00:00+00:00,125.3247189797
2015-10-13 00:00:00+00:00,124.9772876433
2015-10-14 00:00:00+00:00,119.5698306899
2015-10-15 00:00:00+00:00,122.3938238599
2015-10-16 00:00:00+00:00,122.5809022718
2015-10-19 00:00:00+00:00,123.3113989278
2015-10-20 00:00:00+00:00,123.7211897348
2015-10-21 00:00:00+00:00,125.7790522657
2015-10-22 00:00:00+00:00,130.3402021177
2015-10-23 00:00:00+00:00,130.687633454
2015-10-26 00:00:00+00:00,130.687633454
2015-10-27 00:00:00+00:00,132.2555287157
2015-10-28 00:00:00+00:00,131.738835959
2015-10-29 00:00:00+00:00,131.1152412527
2015-10-30 00:00:00+00:00,131.9080973793
2015-11-02 00:00:00+00:00,132.2020777408
2015-11-03 00:00:00+00:00,131.9259143709
2015-11-04 00:00:00+00:00,132.8256724472
2015-11-05 00:00:00+00:00,132.6284820299
2015-11-06 00:00:00+00:00,132.6015924275
2015-11-09 00:00:00+00:00,130.8448050735
2015-11-10 00:00:00+00:00,130.1008594082
2015-11-11 00:00:00+00:00,129.9574481957
2015-11-12 00:00:00+00:00,127.7614640031
2015-11-13 00:00:00+00:00,127.806280007
2015-11-16 00:00:00+00:00,129.4465457509
2015-11-17 00:00:00+00:00,130.9344370813
2015-11-18 00:00:00+00:00,132.9063412542
2015-11-19 00:00:00+00:00,133.7668085297
2015-11-20 00:00:00+00:00,133.9102197423
2015-11-23 00:00:00+00:00,132.9601204589
2015-11-24 00:00:00+00:00,133.2379796833
2015-11-25 00:00:00+00:00,132.1444691874
2015-11-27 00:00:00+00:00,131.7142355497
2015-11-30 00:00:00+00:00,130.3697554318
2015-12-01 00:00:00+00:00,132.4223284118
2015-12-02 00:00:00+00:00,131.7231987505
2015-12-03 00:00:00+00:00,130.4683506405
2015-12-04 00:00:00+00:00,133.1035316715
2015-12-07 00:00:00+00:00,133.0587156676
2015-12-08 00:00:00+00:00,129.9574481957
2015-12-09 00:00:00+00:00,129.2852081367
2015-12-10 00:00:00+00:00,131.2302227073
2015-12-11 00:00:00+00:00,129.6258097666
2015-12-14 00:00:00+00:00,128.1737712392
2015-12-15 00:00:00+00:00,131.3377811167
2015-12-16 00:00:00+00:00,132.7539668409
2015-12-17 00:00:00+00:00,130.4683506405
2015-12-18 00:00:00+00:00,125.1083565704
2015-12-21 00:00:00+00:00,126.2914990742
2015-12-22 00:00:00+00:00,127.6180527905
2015-12-23 00:00:00+00:00,129.1238705226
2015-12-24 00:00:00+00:00,128.6488208809
2015-12-28 00:00:00+00:00,129.5541041603
2015-12-29 00:00:00+00:00,132.0727635811
2015-12-30 00:00:00+00:00,131.2302227073
2015-12-31 00:00:00+00:00,129.5989201642
2016-01-04 00:00:00+00:00,125.9329710428
2016-01-05 00:00:00+00:00,126.4438734876
2016-01-06 00:00:00+00:00,124.4361165115
2016-01-07 00:00:00+00:00,119.2195336541
2016-01-08 00:00:00+00:00,116.5126470167
2016-01-11 00:00:00+00:00,116.709837434
2016-01-12 00:00:00+00:00,118.2425447684
2016-01-13 00:00:00+00:00,114.8365284697
2016-01-14 00:00:00+00:00,115.8045541546
2016-01-15 00:00:00+00:00,112.604691474
2016-01-19 00:00:00+00:00,112.9901091078
2016-01-20 00:00:00+00:00,109.4765343997
2016-01-21 00:00:00+00:00,110.6058976988
2016-01-22 00:00:00+00:00,111.6904449939
2016-01-25 00:00:00+00:00,111.1526529467
2016-01-26 00:00:00+00:00,114.7379332611
2016-01-27 00:00:00+00:00,104.4929947627
2016-01-28 00:00:00+00:00,105.7747324751
2016-01-29 00:00:00+00:00,107.6749310418
2016-02-01 00:00:00+00:00,108.9566687541
2016-02-02 00:00:00+00:00,105.3355356366
2016-02-03 00:00:00+00:00,109.2345279785
2016-02-04 00:00:00+00:00,110.7941249153
2016-02-05 00:00:00+00:00,109.8529888327
2016-02-08 00:00:00+00:00,107.0833597899
2016-02-09 00:00:00+00:00,106.5545309435
2016-02-10 00:00:00+00:00,105.2727932311
2016-02-11 00:00:00+00:00,98.1074398245
2016-02-12 00:00:00+00:00,98.279335929
2016-02-16 00:00:00+00:00,101.8710597957
2016-02-17 00:00:00+00:00,105.2546989043
2016-02-18 00:00:00+00:00,106.3675000016
2016-02-19 00:00:00+00:00,104.1871336241
2016-02-22 00:00:00+00:00,106.2046510605
2016-02-23 00:00:00+00:00,105.7613400543
2016-02-24 00:00:00+00:00,104.5761616499
2016-02-25 00:00:00+00:00,105.6889627472
2016-02-26 00:00:00+00:00,106.9012826417
2016-02-29 00:00:00+00:00,106.9193769685
2016-03-01 00:00:00+00:00,108.5297720523
2016-03-02 00:00:00+00:00,108.2493099871
2016-03-03 00:00:00+00:00,108.2131213336
2016-03-04 00:00:00+00:00,109.5340071888
2016-03-07 00:00:00+00:00,111.1896380896
2016-03-08 00:00:00+00:00,110.692044103
2016-03-09 00:00:00+00:00,111.153449436
2016-03-10 00:00:00+00:00,111.2258267432
2016-03-11 00:00:00+00:00,112.7547973564
2016-03-14 00:00:00+00:00,114.3018622965
2016-03-15 00:00:00+00:00,114.3199566233
2016-03-16 00:00:00+00:00,115.4146633937
2016-03-17 00:00:00+00:00,118.2464255355
2016-03-18 00:00:00+00:00,121.1958008013
2016-03-21 00:00:00+00:00,122.9147618458
2016-03-22 00:00:00+00:00,122.2452717548
2016-03-23 00:00:00+00:00,120.2006128282
2016-03-24 00:00:00+00:00,119.5311227371
2016-03-28 00:00:00+00:00,118.7802081756
2016-03-29 00:00:00+00:00,118.4092744765
2016-03-30 00:00:00+00:00,116.3284268963
2016-03-31 00:00:00+00:00,114.8446921
2016-04-01 00:00:00+00:00,114.8627864268
2016-04-04 00:00:00+00:00,114.3018622965
2016-04-05 00:00:00+00:00,114.9261165705
2016-04-06 00:00:00+00:00,115.7403612758
2016-04-07 00:00:00+00:00,114.8989750804
2016-04-08 00:00:00+00:00,115.6951254589
2016-04-11 00:00:00+00:00,115.7222669491
2016-04-12 00:00:00+00:00,117.1336244382
2016-04-13 00:00:00+00:00,118.6445007247
2016-04-14 00:00:00+00:00,118.3821329863
2016-04-15 00:00:00+00:00,118.6354535613
2016-04-18 00:00:00+00:00,119.3954152863
2016-04-19 00:00:00+00:00,120.0377638871
2016-04-20 00:00:00+00:00,118.1288124114
2016-04-21 00:00:00+00:00,118.282614189
2016-04-22 00:00:00+00:00,118.5630762542
2016-04-25 00:00:00+00:00,118.2916613524
2016-04-26 00:00:00+00:00,120.5444050371
2016-04-27 00:00:00+00:00,124.0185157797
2016-04-28 00:00:00+00:00,121.9557625262
2016-04-29 00:00:00+00:00,121.9557625262
2016-05-02 00:00:00+00:00,121.2410366183
2016-05-03 00:00:00+00:00,119.8658677827
2016-05-04 00:00:00+00:00,118.4183216399
2016-05-05 00:00:00+00:00,119.4949340836
2016-05-06 00:00:00+00:00,120.5624993639
2016-05-09 00:00:00+00:00,119.5130284104
2016-05-10 00:00:00+00:00,121.8924323825
2016-05-11 00:00:00+00:00,121.3134139254
2016-05-12 00:00:00+00:00,122.6086398485
2016-05-13 00:00:00+00:00,120.5107387054
2016-05-16 00:00:00+00:00,122.3532431876
2016-05-17 00:00:00+00:00,120.9120763154
2016-05-18 00:00:00+00:00,119.4800307525
2016-05-19 00:00:00+00:00,116.8257297411
2016-05-20 00:00:00+00:00,116.1963593982
2016-05-23 00:00:00+00:00,116.3696642752
2016-05-24 00:00:00+00:00,116.2966938007
2016-05-25 00:00:00+00:00,117.5371918679
2016-05-26 00:00:00+00:00,117.9476507872
2016-05-27 00:00:00+00:00,117.8655590033
2016-05-31 00:00:00+00:00,115.0653170428
2016-06-01 00:00:00+00:00,115.302471085
2016-06-02 00:00:00+00:00,115.703808695
2016-06-03 00:00:00+00:00,116.1872380889
2016-06-06 00:00:00+00:00,120.3100699005
2016-06-07 00:00:00+00:00,120.3374338284
2016-06-08 00:00:00+00:00,121.3134139254
2016-06-09 00:00:00+00:00,121.4046270186
2016-06-10 00:00:00+00:00,119.6168503923
2016-06-13 00:00:00+00:00,118.5040506556
2016-06-14 00:00:00+00:00,119.033086596
2016-06-15 00:00:00+00:00,118.7229620792
2016-06-16 00:00:00+00:00,118.0023786431
2016-06-17 00:00:00+00:00,118.4128375624
2016-06-20 00:00:00+00:00,121.0853811925
2016-06-21 00:00:00+00:00,119.9634601464
2016-06-22 00:00:00+00:00,120.1914928793
2016-06-23 00:00:00+00:00,121.8150859379
2016-06-24 00:00:00+00:00,115.4028054875
2016-06-27 00:00:00+00:00,111.9184653282
2016-06-28 00:00:00+00:00,113.003901137
2016-06-29 00:00:00+00:00,115.8315070255
2016-06-30 00:00:00+00:00,118.458444109
2016-07-01 00:00:00+00:00,118.2942605412
2016-07-05 00:00:00+00:00,115.8132644068
2016-07-06 00:00:00+00:00,115.8041430975
2016-07-07 00:00:00+00:00,115.9956905932
2016-07-08 00:00:00+00:00,118.659112914
2016-07-11 00:00:00+00:00,120.4377682309
2016-07-12 00:00:00+00:00,119.3158471848
2016-07-13 00:00:00+00:00,118.6773555326
2016-07-14 00:00:00+00:00,119.9908240743
2016-07-15 00:00:00+00:00,120.757014057
2016-07-18 00:00:00+00:00,121.7056302261
2016-07-19 00:00:00+00:00,122.8275512721
2016-07-20 00:00:00+00:00,122.882279128
2016-07-21 00:00:00+00:00,121.7968433192
2016-07-22 00:00:00+00:00,121.7421154633
2016-07-25 00:00:00+00:00,121.2586860695
2016-07-26 00:00:00+00:00,123.0008561492
2016-07-27 00:00:00+00:00,124.0133214834
2016-07-28 00:00:00+00:00,121.3225352347
2016-07-29 00:00:00+00:00,121.9154203404
2016-08-01 00:00:00+00:00,121.5049614211
2016-08-02 00:00:00+00:00,120.0364306209
2016-08-03 00:00:00+00:00,120.2827059725
2016-08-04 00:00:00+00:00,119.6806995575
2016-08-05 00:00:00+00:00,120.1550076421
2016-08-08 00:00:00+00:00,120.5745878707
2016-08-09 00:00:00+00:00,120.9759254807
2016-08-10 00:00:00+00:00,121.6509023702
2016-08-11 00:00:00+00:00,122.313048195
2016-08-12 00:00:00+00:00,122.4050128929
2016-08-15 00:00:00+00:00,123.83966218
2016-08-16 00:00:00+00:00,124.1523421528
2016-08-17 00:00:00+00:00,123.8948409987
2016-08-18 00:00:00+00:00,124.1523421528
2016-08-19 00:00:00+00:00,123.6373398446
2016-08-22 00:00:00+00:00,124.143145683
2016-08-23 00:00:00+00:00,123.3614457509
2016-08-24 00:00:00+00:00,122.5797458189
2016-08-25 00:00:00+00:00,122.2946552554
2016-08-26 00:00:00+00:00,121.6049200212
2016-08-29 00:00:00+00:00,122.2210834971
2016-08-30 00:00:00+00:00,120.2990213112
2016-08-31 00:00:00+00:00,119.0483014198
2016-09-01 00:00:00+00:00,119.4621425604
2016-09-02 00:00:00+00:00,120.6208977538
2016-09-06 00:00:00+00:00,122.3038517252
2016-09-07 00:00:00+00:00,121.9819752826
2016-09-08 00:00:00+00:00,122.2210834971
2016-09-09 00:00:00+00:00,118.2022261992
2016-09-12 00:00:00+00:00,119.6644648957
2016-09-13 00:00:00+00:00,118.4137450044
2016-09-14 00:00:00+00:00,117.4113297974
2016-09-15 00:00:00+00:00,117.5032944953
2016-09-16 00:00:00+00:00,116.5192722278
2016-09-19 00:00:00+00:00,117.2365968714
2016-09-20 00:00:00+00:00,117.5216874349
2016-09-21 00:00:00+00:00,120.0691095664
2016-09-22 00:00:00+00:00,121.2738471088
2016-09-23 00:00:00+00:00,121.1910788807
2016-09-26 00:00:00+00:00,120.0783060362
2016-09-27 00:00:00+00:00,120.7680412704
2016-09-28 00:00:00+00:00,121.6049200212
2016-09-29 00:00:00+00:00,120.5013436465
2016-09-30 00:00:00+00:00,121.1542930015
2016-10-03 00:00:00+00:00,121.7428670681
2016-10-04 00:00:00+00:00,121.6233129608
2016-10-05 00:00:00+00:00,123.83966218
2016-10-06 00:00:00+00:00,123.618946905
2016-10-07 00:00:00+00:00,123.094748127
2016-10-10 00:00:00+00:00,124.9248456151
2016-10-11 00:00:00+00:00,122.9935869594
2016-10-12 00:00:00+00:00,122.4601917116
2016-10-13 00:00:00+00:00,122.662514047
2016-10-14 00:00:00+00:00,122.7728716844
2016-10-17 00:00:00+00:00,123.2326951739
2016-10-18 00:00:00+00:00,124.2443068507
2016-10-19 00:00:00+00:00,125.2375255879
2016-10-20 00:00:00+00:00,124.9248456151
2016-10-21 00:00:00+00:00,124.7317197495
2016-10-24 00:00:00+00:00,126.4054772511
2016-10-25 00:00:00+00:00,127.849323008
2016-10-26 00:00:00+00:00,133.8454213105
2016-10-27 00:00:00+00:00,131.7946085475
2016-10-28 00:00:00+00:00,131.5187144539
2016-10-31 00:00:00+00:00,130.9853192061
2016-11-01 00:00:00+00:00,130.9669262665
2016-11-02 00:00:00+00:00,129.4403122815
2016-11-03 00:00:00+00:00,128.7689699869
2016-11-04 00:00:00+00:00,128.327539437
2016-11-07 00:00:00+00:00,131.5371073934
2016-11-08 00:00:00+00:00,131.776215608
2016-11-09 00:00:00+00:00,134.4543679505
2016-11-10 00:00:00+00:00,136.8637783624
2016-11-11 00:00:00+00:00,137.6329363016
2016-11-14 00:00:00+00:00,138.9951798807
2016-11-15 00:00:00+00:00,137.2529908136
2016-11-16 00:00:00+00:00,135.7054079721
2016-11-17 00:00:00+00:00,134.6767750654
2016-11-18 00:00:00+00:00,135.622005304
2016-11-21 00:00:00+00:00,136.2428918332
2016-11-22 00:00:00+00:00,138.5596326139
2016-11-23 00:00:00+00:00,138.7635058026
2016-11-25 00:00:00+00:00,139.0415146963
2016-11-28 00:00:00+00:00,138.791306692
2016-11-29 00:00:00+00:00,140.524228796
2016-11-30 00:00:00+00:00,139.5233967787
2016-12-01 00:00:00+00:00,141.2192510302
2016-12-02 00:00:00+00:00,141.0895135465
2016-12-05 00:00:00+00:00,141.0061108784
2016-12-06 00:00:00+00:00,141.0802465834
2016-12-07 00:00:00+00:00,142.8409695767
2016-12-08 00:00:00+00:00,143.9993399671
2016-12-09 00:00:00+00:00,145.0187059106
2016-12-12 00:00:00+00:00,145.6395924398
2016-12-13 00:00:00+00:00,145.1762442837
2016-12-14 00:00:00+00:00,143.1467793598
2016-12-15 00:00:00+00:00,142.4980919412
2016-12-16 00:00:00+00:00,143.1745802491
2016-12-19 00:00:00+00:00,144.7314300538
2016-12-20 00:00:00+00:00,144.9260362794
2016-12-21 00:00:00+00:00,145.9361352598
2016-12-22 00:00:00+00:00,145.9176013335
2016-12-23 00:00:00+00:00,146.2419450428
2016-12-27 00:00:00+00:00,145.9361352598
2016-12-28 00:00:00+00:00,144.6572943488
2016-12-29 00:00:00+00:00,144.2773488608
2016-12-30 00:00:00+00:00,144.2680818977
2017-01-03 00:00:00+00:00,145.4635201405
2017-01-04 00:00:00+00:00,146.9925690558
2017-01-05 00:00:00+00:00,147.0759717239
2017-01-06 00:00:00+00:00,147.4373832857
2017-01-09 00:00:00+00:00,146.7145601621
2017-01-10 00:00:00+00:00,147.4095823963
2017-01-11 00:00:00+00:00,147.7153921794
2017-01-12 00:00:00+00:00,146.6867592727
2017-01-13 00:00:00+00:00,147.1871752814
2017-01-17 00:00:00+00:00,146.1122075591
2017-01-18 00:00:00+00:00,146.7145601621
2017-01-19 00:00:00+00:00,147.3447136545
2017-01-20 00:00:00+00:00,147.8358627
2017-01-23 00:00:00+00:00,146.2697459322
2017-01-24 00:00:00+00:00,148.7810929385
2017-01-25 00:00:00+00:00,155.0918948252
2017-01-26 00:00:00+00:00,156.7228803349
2017-01-27 00:00:00+00:00,155.4069715714
2017-01-30 00:00:00+00:00,153.4331084262
2017-01-31 00:00:00+00:00,151.4407113548
2017-02-01 00:00:00+00:00,151.9503943266
2017-02-02 00:00:00+00:00,150.3657436325
2017-02-03 00:00:00+00:00,150.4954811163
2017-02-06 00:00:00+00:00,151.9596612897
2017-02-07 00:00:00+00:00,154.2949359967
2017-02-08 00:00:00+00:00,153.11803168
2017-02-09 00:00:00+00:00,153.5573545229
2017-02-10 00:00:00+00:00,155.3800769561
2017-02-13 00:00:00+00:00,157.0625899713
2017-02-14 00:00:00+00:00,157.5019128142
2017-02-15 00:00:00+00:00,158.2496963765
2017-02-16 00:00:00+00:00,159.6611378504
2017-02-17 00:00:00+00:00,161.4371238109
2017-02-21 00:00:00+00:00,164.1011027517
2017-02-22 00:00:00+00:00,163.9141568611
2017-02-23 00:00:00+00:00,165.3162510404
2017-02-24 00:00:00+00:00,165.8583941231
2017-02-27 00:00:00+00:00,167.7185057344
2017-02-28 00:00:00+00:00,168.4662892967
2017-03-01 00:00:00+00:00,171.9060936834
2017-03-02 00:00:00+00:00,171.0461425867
2017-03-03 00:00:00+00:00,170.2890117299
2017-03-06 00:00:00+00:00,169.1205999137
2017-03-07 00:00:00+00:00,170.1394550174
2017-03-08 00:00:00+00:00,169.8777307706
2017-03-09 00:00:00+00:00,168.7840973107
2017-03-10 00:00:00+00:00,167.0361532338
2017-03-13 00:00:00+00:00,167.3633085423
2017-03-14 00:00:00+00:00,167.0641951174
2017-03-15 00:00:00+00:00,167.0455005283
2017-03-16 00:00:00+00:00,166.5594412128
2017-03-17 00:00:00+00:00,168.3447744678
2017-03-20 00:00:00+00:00,167.6811165563
2017-03-21 00:00:00+00:00,164.4749945328
2017-03-22 00:00:00+00:00,165.4284185748
2017-03-23 00:00:00+00:00,165.6901428216
2017-03-24 00:00:00+00:00,164.3441324094
2017-03-27 00:00:00+00:00,164.6058566562
2017-03-28 00:00:00+00:00,165.7836157669
2017-03-29 00:00:00+00:00,166.0359927192
2017-03-30 00:00:00+00:00,166.3631480277
2017-03-31 00:00:00+00:00,165.3162510404
2017-04-03 00:00:00+00:00,165.1199578553
2017-04-04 00:00:00+00:00,167.0361532338
2017-04-05 00:00:00+00:00,165.5218915201
2017-04-06 00:00:00+00:00,165.7929630614
2017-04-07 00:00:00+00:00,167.1763626517
2017-04-10 00:00:00+00:00,165.9705616575
2017-04-11 00:00:00+00:00,166.9146384049
2017-04-12 00:00:00+00:00,164.5591201836
2017-04-13 00:00:00+00:00,164.1571865188
2017-04-17 00:00:00+00:00,167.3352666587
2017-04-18 00:00:00+00:00,166.2416331988
2017-04-19 00:00:00+00:00,166.7557343979
2017-04-20 00:00:00+00:00,167.5969909055
2017-04-21 00:00:00+00:00,168.6064987146
2017-04-24 00:00:00+00:00,170.1768441955
2017-04-25 00:00:00+00:00,171.5322019022
2017-04-26 00:00:00+00:00,169.849688887
2017-04-27 00:00:00+00:00,171.2611303609
2017-04-28 00:00:00+00:00,172.7660447801
2017-05-01 00:00:00+00:00,170.485304915
2017-05-02 00:00:00+00:00,171.4667708405
2017-05-03 00:00:00+00:00,171.4200343679
2017-05-04 00:00:00+00:00,171.120920943
2017-05-05 00:00:00+00:00,172.9342960816
2017-05-08 00:00:00+00:00,173.878372829
2017-05-09 00:00:00+00:00,174.7102820421
2017-05-10 00:00:00+00:00,172.5510570059
2017-05-11 00:00:00+00:00,173.2669583233
2017-05-12 00:00:00+00:00,172.6169952851
2017-05-15 00:00:00+00:00,171.806896426
2017-05-16 00:00:00+00:00,172.0989088054
2017-05-17 00:00:00+00:00,168.4063651682
2017-05-18 00:00:00+00:00,167.1064390919
2017-05-19 00:00:00+00:00,170.2714764952
2017-05-22 00:00:00+00:00,173.0126249605
2017-05-23 00:00:00+00:00,172.8430693854
2017-05-24 00:00:00+00:00,174.5009461204
2017-05-25 00:00:00+00:00,176.2153413806
2017-05-26 00:00:00+00:00,175.7631931801
2017-05-30 00:00:00+00:00,176.0363660512
2017-05-31 00:00:00+00:00,176.7428476145
2017-06-01 00:00:00+00:00,176.450835235
2017-06-02 00:00:00+00:00,179.1919837004
2017-06-05 00:00:00+00:00,177.9862551658
2017-06-06 00:00:00+00:00,175.9139092469
2017-06-07 00:00:00+00:00,177.1855760608
2017-06-08 00:00:00+00:00,178.9093910751
2017-06-09 00:00:00+00:00,179.0035886168
2017-06-12 00:00:00+00:00,178.9753293543
2017-06-13 00:00:00+00:00,180.0020825595
2017-06-14 00:00:00+00:00,181.2172308483
2017-06-15 00:00:00+00:00,184.1090953805
2017-06-16 00:00:00+00:00,185.041651044
2017-06-19 00:00:00+00:00,187.5284661466
2017-06-20 00:00:00+00:00,186.8219845834
2017-06-21 00:00:00+00:00,187.6132439342
2017-06-22 00:00:00+00:00,187.867577297
2017-06-23 00:00:00+00:00,190.4956887122
2017-06-26 00:00:00+00:00,188.3762440225
2017-06-27 00:00:00+00:00,187.3494908172
2017-06-28 00:00:00+00:00,188.0371328721
2017-06-29 00:00:00+00:00,186.00246597
2017-06-30 00:00:00+00:00,186.2756388411
2017-07-03 00:00:00+00:00,187.066898192
2017-07-05 00:00:00+00:00,190.1000590368
2017-07-06 00:00:00+00:00,189.789207149
2017-07-07 00:00:00+00:00,190.6275652707
2017-07-10 00:00:00+00:00,192.1253061848
2017-07-11 00:00:00+00:00,194.3012693995
2017-07-12 00:00:00+00:00,194.4614052205
2017-07-13 00:00:00+00:00,194.2635903828
2017-07-14 00:00:00+00:00,196.4112943351
2017-07-17 00:00:00+00:00,196.8728622897
2017-07-18 00:00:00+00:00,196.1569609723
2017-07-19 00:00:00+00:00,198.6437760749
2017-07-20 00:00:00+00:00,198.0785908243
2017-07-21 00:00:00+00:00,199.8306651012
2017-07-24 00:00:00+00:00,199.8683441179
2017-07-25 00:00:00+00:00,200.1320972348
2017-07-26 00:00:00+00:00,219.9041612514
2017-07-27 00:00:00+00:00,227.0160756547
2017-07-28 00:00:00+00:00,227.2704090174
2017-07-31 00:00:00+00:00,228.3913597644
2017-08-01 00:00:00+00:00,225.5465940031
2017-08-02 00:00:00+00:00,224.1430506308
2017-08-03 00:00:00+00:00,224.4256432561
2017-08-04 00:00:00+00:00,223.9169765306
2017-08-07 00:00:00+00:00,226.2907545831
2017-08-08 00:00:00+00:00,225.6031125282
2017-08-09 00:00:00+00:00,222.0518652036
2017-08-10 00:00:00+00:00,220.6966769178
2017-08-11 00:00:00+00:00,222.5920451497
2017-08-14 00:00:00+00:00,224.7432880929
2017-08-15 00:00:00+00:00,226.657610007
2017-08-16 00:00:00+00:00,225.1602691039
2017-08-17 00:00:00+00:00,223.264900872
2017-08-18 00:00:00+00:00,223.4354840129
2017-08-21 00:00:00+00:00,223.3501924425
2017-08-22 00:00:00+00:00,227.2072667943
2017-08-23 00:00:00+00:00,225.6341111618
2017-08-24 00:00:00+00:00,226.2501058372
2017-08-25 00:00:00+00:00,223.5492061068
2017-08-28 00:00:00+00:00,224.7717186163
2017-08-29 00:00:00+00:00,227.9085530401
2017-08-30 00:00:00+00:00,227.8801225166
2017-08-31 00:00:00+00:00,227.1219752239
2017-09-01 00:00:00+00:00,227.7569235815
2017-09-05 00:00:00+00:00,224.6011354755
2017-09-06 00:00:00+00:00,222.3456472796
2017-09-07 00:00:00+00:00,223.9472334355
2017-09-08 00:00:00+00:00,226.2880132018
2017-09-11 00:00:00+00:00,228.0033214517
2017-09-12 00:00:00+00:00,227.9938446105
2017-09-13 00:00:00+00:00,229.273218167
2017-09-14 00:00:00+00:00,232.4005757496
2017-09-15 00:00:00+00:00,235.9733448666
2017-09-18 00:00:00+00:00,239.8398960596
2017-09-19 00:00:00+00:00,239.2523319078
2017-09-20 00:00:00+00:00,242.0953842556
2017-09-21 00:00:00+00:00,242.6450410428
2017-09-22 00:00:00+00:00,243.0335915303
2017-09-25 00:00:00+00:00,241.0150243634
2017-09-26 00:00:00+00:00,240.4274602115
2017-09-27 00:00:00+00:00,241.9248011147
2017-09-28 00:00:00+00:00,240.9676401576
2017-09-29 00:00:00+00:00,240.9107791106
2017-10-02 00:00:00+00:00,242.597656837
2017-10-03 00:00:00+00:00,242.0953842556
2017-10-04 00:00:00+00:00,242.3796894903
2017-10-05 00:00:00+00:00,245.3459407732
2017-10-06 00:00:00+00:00,245.0521586973
2017-10-09 00:00:00+00:00,244.8720987152
2017-10-10 00:00:00+00:00,247.2792163697
2017-10-11 00:00:00+00:00,247.7625352688
2017-10-12 00:00:00+00:00,248.2079468033
2017-10-13 00:00:00+00:00,247.0991563877
2017-10-16 00:00:00+00:00,246.1609491129
2017-10-17 00:00:00+00:00,245.0900660619
2017-10-18 00:00:00+00:00,246.4357775065
2017-10-19 00:00:00+00:00,245.4880933906
2017-10-20 00:00:00+00:00,250.8993696925
2017-10-23 00:00:00+00:00,248.5964972908
2017-10-24 00:00:00+00:00,252.0839748375
2017-10-25 00:00:00+00:00,244.8815755564
2017-10-26 00:00:00+00:00,245.7060607372
2017-10-27 00:00:00+00:00,243.0430683715
2017-10-30 00:00:00+00:00,245.6871070549
2017-10-31 00:00:00+00:00,244.4835482277
2017-11-01 00:00:00+00:00,244.976343968
2017-11-02 00:00:00+00:00,248.8902793668
2017-11-03 00:00:00+00:00,248.0563173448
2017-11-06 00:00:00+00:00,250.2549444937
2017-11-07 00:00:00+00:00,252.2071737725
2017-11-08 00:00:00+00:00,251.6764706676
2017-11-09 00:00:00+00:00,250.3023286995
2017-11-10 00:00:00+00:00,248.5396362439
2017-11-13 00:00:00+00:00,250.0355428143
2017-11-14 00:00:00+00:00,249.4066903707
2017-11-15 00:00:00+00:00,250.4547777768
2017-11-16 00:00:00+00:00,251.2551354323
2017-11-17 00:00:00+00:00,249.8830937371
2017-11-20 00:00:00+00:00,252.1412456938
2017-11-21 00:00:00+00:00,254.3898695831
2017-11-22 00:00:00+00:00,252.6367051948
2017-11-24 00:00:00+00:00,253.3322541097
2017-11-27 00:00:00+00:00,253.0464120899
2017-11-28 00:00:00+00:00,255.3426763159
2017-11-29 00:00:00+00:00,256.5908531358
2017-11-30 00:00:00+00:00,263.7369036316
2017-12-01 00:00:00+00:00,258.57269114
2017-12-04 00:00:00+00:00,264.851687509
2017-12-05 00:00:00+00:00,262.5363671483
2017-12-06 00:00:00+00:00,265.1375295288
2017-12-07 00:00:00+00:00,268.66291444
2017-12-08 00:00:00+00:00,272.4074448998
2017-12-11 00:00:00+00:00,269.796754452
2017-12-12 00:00:00+00:00,276.2567841003
2017-12-13 00:00:00+00:00,278.0671168925
2017-12-14 00:00:00+00:00,280.0108426274
2017-12-15 00:00:00+00:00,280.0680110313
2017-12-18 00:00:00+00:00,282.1641858434
2017-12-19 00:00:00+00:00,283.2218013168
2017-12-20 00:00:00+00:00,283.8411256931
2017-12-21 00:00:00+00:00,281.1065703701
2017-12-22 00:00:00+00:00,281.1732668414
2017-12-26 00:00:00+00:00,281.4209965919
2017-12-27 00:00:00+00:00,281.6687263424
2017-12-28 00:00:00+00:00,282.3642752573
2017-12-29 00:00:00+00:00,280.9922335621
2018-01-02 00:00:00+00:00,282.8311505564
2018-01-03 00:00:00+00:00,283.7458450198
2018-01-04 00:00:00+00:00,282.6691734118
2018-01-05 00:00:00+00:00,294.2648313497
2018-01-08 00:00:00+00:00,295.5130081696
2018-01-09 00:00:00+00:00,303.402247917
2018-01-10 00:00:00+00:00,305.1458842379
2018-01-11 00:00:00+00:00,312.6349451575
2018-01-12 00:00:00+00:00,320.3431516257
2018-01-16 00:00:00+00:00,319.3427045563
2018-01-17 00:00:00+00:00,334.4446912707
2018-01-18 00:00:00+00:00,324.1067382201
2018-01-19 00:00:00+00:00,321.7914178595
2018-01-22 00:00:00+00:00,322.0486756773
2018-01-23 00:00:00+00:00,319.7524114513
2018-01-24 00:00:00+00:00,318.8948853918
2018-01-25 00:00:00+00:00,326.9175180818
2018-01-26 00:00:00+00:00,327.0223268224
2018-01-29 00:00:00+00:00,324.7355906637
2018-01-30 00:00:00+00:00,321.7723617248
2018-01-31 00:00:00+00:00,337.6461218928
2018-02-01 00:00:00+00:00,340.0948351961
2018-02-02 00:00:00+00:00,332.4437971319
2018-02-05 00:00:00+00:00,313.3590782744
2018-02-06 00:00:00+00:00,324.8213432697
2018-02-07 00:00:00+00:00,331.691079813
2018-02-08 00:00:00+00:00,315.731567039
2018-02-09 00:00:00+00:00,318.7676316739
2018-02-12 00:00:00+00:00,329.2741392587
2018-02-13 00:00:00+00:00,328.6611798372
2018-02-14 00:00:00+00:00,330.2797758097
2018-02-15 00:00:00+00:00,341.399242816
2018-02-16 00:00:00+00:00,340.0392390995
2018-02-20 00:00:00+00:00,338.420643127
2018-02-21 00:00:00+00:00,337.4820490128
2018-02-22 00:00:00+00:00,340.8820583041
2018-02-23 00:00:00+00:00,341.5907926353
2018-02-26 00:00:00+00:00,348.1226414711
2018-02-27 00:00:00+00:00,349.2336304226
2018-02-28 00:00:00+00:00,346.9063001189
2018-03-01 00:00:00+00:00,334.9152814351
2018-03-02 00:00:00+00:00,330.1073809724
2018-03-05 00:00:00+00:00,337.8459936693
2018-03-06 00:00:00+00:00,334.177814631
2018-03-07 00:00:00+00:00,332.3772463302
2018-03-08 00:00:00+00:00,333.9958423028
2018-03-09 00:00:00+00:00,339.5412095695
2018-03-12 00:00:00+00:00,329.6476614062
2018-03-13 00:00:00+00:00,324.3608863954
2018-03-14 00:00:00+00:00,316.3062164967
2018-03-15 00:00:00+00:00,316.0380467498
2018-03-16 00:00:00+00:00,316.5073438069
2018-03-19 00:00:00+00:00,317.742840141
2018-03-20 00:00:00+00:00,323.3648273354
2018-03-21 00:00:00+00:00,322.8572203144
2018-03-22 00:00:00+00:00,306.1061886227
2018-03-23 00:00:00+00:00,307.4374598663
2018-03-26 00:00:00+00:00,315.0707201627
2018-03-27 00:00:00+00:00,307.5523897579
2018-03-28 00:00:00+00:00,306.4988657521
2018-03-29 00:00:00+00:00,314.0267736479
2018-04-02 00:00:00+00:00,308.8166185648
2018-04-03 00:00:00+00:00,316.8425559906
2018-04-04 00:00:00+00:00,313.6053640456
2018-04-05 00:00:00+00:00,322.1867959471
2018-04-06 00:00:00+00:00,312.3411352386
2018-04-09 00:00:00+00:00,308.8549285286
2018-04-10 00:00:00+00:00,320.6831298662
2018-04-11 00:00:00+00:00,313.5287441179
2018-04-12 00:00:00+00:00,323.221164971
2018-04-13 00:00:00+00:00,315.3676223825
2018-04-16 00:00:00+00:00,317.7524176319
2018-04-17 00:00:00+00:00,322.4932756579
2018-04-18 00:00:00+00:00,326.5924417895
2018-04-19 00:00:00+00:00,326.2476521148
2018-04-20 00:00:00+00:00,324.3608863954
2018-04-23 00:00:00+00:00,324.5237037418
2018-04-24 00:00:00+00:00,315.1569175813
2018-04-25 00:00:00+00:00,328.3738551083
2018-04-26 00:00:00+00:00,328.3068126716
2018-04-27 00:00:00+00:00,326.4775118979
2018-04-30 00:00:00+00:00,319.4667885141
2018-05-01 00:00:00+00:00,315.6166371475
2018-05-02 00:00:00+00:00,310.4926794831
2018-05-03 00:00:00+00:00,316.7180486081
2018-05-04 00:00:00+00:00,320.3000302277
2018-05-07 00:00:00+00:00,326.0465248047
2018-05-08 00:00:00+00:00,324.0735616666
2018-05-09 00:00:00+00:00,329.944563626
2018-05-10 00:00:00+00:00,331.1704824691
2018-05-11 00:00:00+00:00,329.6208429284
2018-05-14 00:00:00+00:00,331.6709871655
2018-05-15 00:00:00+00:00,329.2935898577
2018-05-16 00:00:00+00:00,328.1867044714
2018-05-17 00:00:00+00:00,331.2378581013
2018-05-18 00:00:00+00:00,338.0620471346
2018-05-21 00:00:00+00:00,350.2762867444
2018-05-22 00:00:00+00:00,341.709956364
2018-05-23 00:00:00+00:00,345.742869206
2018-05-24 00:00:00+00:00,345.5407423094
2018-05-25 00:00:00+00:00,346.5898771538
2018-05-29 00:00:00+00:00,339.265183424
2018-05-30 00:00:00+00:00,344.7611099939
2018-05-31 00:00:00+00:00,338.9571805339
2018-06-01 00:00:00+00:00,343.3462217176
2018-06-04 00:00:00+00:00,347.2058829339
2018-06-05 00:00:00+00:00,346.5995022441
2018-06-06 00:00:00+00:00,357.6298557451
2018-06-07 00:00:00+00:00,354.7134533796
2018-06-08 00:00:00+00:00,355.6470871402
2018-06-11 00:00:00+00:00,357.0331001456
2018-06-12 00:00:00+00:00,356.7250972555
2018-06-13 00:00:00+00:00,350.2089111122
2018-06-14 00:00:00+00:00,348.8325231972
2018-06-15 00:00:00+00:00,344.4627321941
2018-06-18 00:00:00+00:00,341.4404538352
2018-06-19 00:00:00+00:00,328.3310808262
2018-06-20 00:00:00+00:00,329.8422200056
2018-06-21 00:00:00+00:00,325.0007995772
2018-06-22 00:00:00+00:00,326.2039358665
2018-06-25 00:00:00+00:00,318.7829912337
2018-06-26 00:00:00+00:00,318.8792421368
2018-06-27 00:00:00+00:00,317.4547287702
2018-06-28 00:00:00+00:00,322.1036473923
2018-06-29 00:00:00+00:00,322.9314051594
2018-07-02 00:00:00+00:00,323.4800353074
2018-07-03 00:00:00+00:00,320.4481318582
2018-07-05 00:00:00+00:00,320.688759116
2018-07-06 00:00:00+00:00,322.094022302
2018-07-09 00:00:00+00:00,329.1010880514
2018-07-10 00:00:00+00:00,334.1446353764
2018-07-11 00:00:00+00:00,327.8305761298
2018-07-12 00:00:00+00:00,333.0570001708
2018-07-13 00:00:00+00:00,337.6385431608
2018-07-16 00:00:00+00:00,342.7494661181
2018-07-17 00:00:00+00:00,343.5002231626
2018-07-18 00:00:00+00:00,346.7246284182
2018-07-19 00:00:00+00:00,342.0083341638
2018-07-20 00:00:00+00:00,341.5944552803
2018-07-23 00:00:00+00:00,340.0255655589
2018-07-24 00:00:00+00:00,344.8381107164
2018-07-25 00:00:00+00:00,342.5762144924
2018-07-26 00:00:00+00:00,345.8487451995
2018-07-27 00:00:00+00:00,347.1288822114
2018-07-30 00:00:00+00:00,337.8984205993
2018-07-31 00:00:00+00:00,342.9419679244
2018-08-01 00:00:00+00:00,339.5346859528
2018-08-02 00:00:00+00:00,336.6182835874
2018-08-03 00:00:00+00:00,335.3766469368
2018-08-06 00:00:00+00:00,333.5767550478
2018-08-07 00:00:00+00:00,337.6096678898
2018-08-08 00:00:00+00:00,334.741390976
2018-08-09 00:00:00+00:00,332.4794947519
2018-08-10 00:00:00+00:00,328.3104425514
2018-08-13 00:00:00+00:00,327.2947801823
2018-08-14 00:00:00+00:00,328.0492722279
2018-08-15 00:00:00+00:00,320.9106167197
2018-08-16 00:00:00+00:00,334.6655870891
2018-08-17 00:00:00+00:00,335.0718520367
2018-08-20 00:00:00+00:00,339.2699231621
2018-08-21 00:00:00+00:00,342.20083457
2018-08-22 00:00:00+00:00,338.5831419412
2018-08-23 00:00:00+00:00,336.1165333306
2018-08-24 00:00:00+00:00,337.9543985699
2018-08-27 00:00:00+00:00,342.1718156451
2018-08-28 00:00:00+00:00,339.7245529845
2018-08-29 00:00:00+00:00,338.7379095403
2018-08-30 00:00:00+00:00,335.5555007839
2018-08-31 00:00:00+00:00,331.5799080822
2018-09-04 00:00:00+00:00,334.9267574126
2018-09-05 00:00:00+00:00,335.3426953352
2018-09-06 00:00:00+00:00,339.7825908341
2018-09-07 00:00:00+00:00,337.8576688204
2018-09-10 00:00:00+00:00,330.6803214125
2018-09-11 00:00:00+00:00,333.9594599183
2018-09-12 00:00:00+00:00,341.852607472
2018-09-13 00:00:00+00:00,343.8355673354
2018-09-14 00:00:00+00:00,348.0336384608
2018-09-17 00:00:00+00:00,344.3192160826
2018-09-18 00:00:00+00:00,351.6900229894
2018-09-19 00:00:00+00:00,353.2763908801
2018-09-20 00:00:00+00:00,355.4431372674
2018-09-21 00:00:00+00:00,360.0571463153
2018-09-24 00:00:00+00:00,355.9558049394
2018-09-25 00:00:00+00:00,355.2206588437
2018-09-26 00:00:00+00:00,353.0926043562
2018-09-27 00:00:00+00:00,355.3754264428
2018-09-28 00:00:00+00:00,359.7379381422
2018-10-01 00:00:00+00:00,369.7881591083
2018-10-02 00:00:00+00:00,373.7347328852
2018-10-03 00:00:00+00:00,379.4708070266
2018-10-04 00:00:00+00:00,377.2363498147
2018-10-05 00:00:00+00:00,373.8314626346
2018-10-08 00:00:00+00:00,373.1543543886
2018-10-09 00:00:00+00:00,372.8351462155
2018-10-10 00:00:00+00:00,355.4528102423
2018-10-11 00:00:00+00:00,346.3989056954
2018-10-12 00:00:00+00:00,348.333500684
2018-10-15 00:00:00+00:00,347.143724766
2018-10-16 00:00:00+00:00,356.2073022879
2018-10-17 00:00:00+00:00,353.5472341785
2018-10-18 00:00:00+00:00,347.5983545883
2018-10-19 00:00:00+00:00,344.6094053309
2018-10-22 00:00:00+00:00,344.3385620324
2018-10-23 00:00:00+00:00,338.6024878911
2018-10-24 00:00:00+00:00,343.052056365
2018-10-25 00:00:00+00:00,351.8738095133
2018-10-26 00:00:00+00:00,347.5209707888
2018-10-29 00:00:00+00:00,324.615366123
2018-10-30 00:00:00+00:00,338.4670662418
2018-10-31 00:00:00+00:00,343.2551888388
2018-11-01 00:00:00+00:00,351.1967012673
2018-11-02 00:00:00+00:00,346.0506785974
2018-11-05 00:00:00+00:00,350.1423469984
2018-11-06 00:00:00+00:00,354.485512748
2018-11-07 00:00:00+00:00,359.8540138415
2018-11-08 00:00:00+00:00,360.2989706889
2018-11-09 00:00:00+00:00,358.9093557576
2018-11-12 00:00:00+00:00,346.9470062439
2018-11-13 00:00:00+00:00,339.6393808709
2018-11-14 00:00:00+00:00,334.9846567303
2018-11-15 00:00:00+00:00,331.9236168466
2018-11-16 00:00:00+00:00,326.4623329907
2018-11-19 00:00:00+00:00,311.8762350053
2018-11-20 00:00:00+00:00,308.7277368392
2018-11-21 00:00:00+00:00,308.3584685358
2018-11-23 00:00:00+00:00,303.4996750696
2018-11-26 00:00:00+00:00,307.4255801903
2018-11-27 00:00:00+00:00,309.048417208
2018-11-28 00:00:00+00:00,324.0815241922
2018-11-29 00:00:00+00:00,332.8856579529
2018-11-30 00:00:00+00:00,336.9670444645
2018-12-03 00:00:00+00:00,349.7942592151
2018-12-04 00:00:00+00:00,332.8273524313
2018-12-06 00:00:00+00:00,322.5267102831
2018-12-07 00:00:00+00:00,314.0918448258
2018-12-10 00:00:00+00:00,317.1334495357
2018-12-11 00:00:00+00:00,312.9354519809
2018-12-12 00:00:00+00:00,317.4638474913
2018-12-13 00:00:00+00:00,316.2783018856
2018-12-14 00:00:00+00:00,309.7480834671
2018-12-17 00:00:00+00:00,307.2020756908
2018-12-18 00:00:00+00:00,318.7951569011
2018-12-19 00:00:00+00:00,310.5254904217
2018-12-20 00:00:00+00:00,304.2090589157
2018-12-21 00:00:00+00:00,295.9491100232
2018-12-24 00:00:00+00:00,285.8525372006
2018-12-26 00:00:00+00:00,305.0642065657
2018-12-27 00:00:00+00:00,308.183551971
2018-12-28 00:00:00+00:00,307.4450153641
2018-12-31 00:00:00+00:00,313.3921785667
2019-01-02 00:00:00+00:00,314.6651824548
2019-01-03 00:00:00+00:00,302.1197777252
2019-01-04 00:00:00+00:00,317.8428333817
2019-01-07 00:00:00+00:00,318.8437448357
2019-01-08 00:00:00+00:00,330.9129878057
2019-01-09 00:00:00+00:00,334.1197914933
2019-01-10 00:00:00+00:00,342.6518328199
2019-01-11 00:00:00+00:00,342.9336428409
2019-01-14 00:00:00+00:00,340.4653757601
2019-01-15 00:00:00+00:00,342.2922821034
2019-01-16 00:00:00+00:00,342.1173655386
2019-01-17 00:00:00+00:00,348.948829152
2019-01-18 00:00:00+00:00,354.4295481818
2019-01-22 00:00:00+00:00,347.7924363071
2019-01-23 00:00:00+00:00,348.4823849793
2019-01-24 00:00:00+00:00,348.1519870236
2019-01-25 00:00:00+00:00,353.9145160744
2019-01-28 00:00:00+00:00,352.7192528817
2019-01-29 00:00:00+00:00,354.6044647466
2019-01-30 00:00:00+00:00,376.7702805392
2019-01-31 00:00:00+00:00,374.7295872834
2019-02-01 00:00:00+00:00,376.4884705181
2019-02-04 00:00:00+00:00,385.7882012124
2019-02-05 00:00:00+00:00,398.5959807891
2019-02-06 00:00:00+00:00,399.4997163738
2019-02-07 00:00:00+00:00,395.7244338506
2019-02-08 00:00:00+00:00,395.4704951266
2019-02-11 00:00:00+00:00,394.5328752227
2019-02-12 00:00:00+00:00,401.1450489205
2019-02-13 00:00:00+00:00,401.0083126845
2019-02-14 00:00:00+00:00,400.2660302606
2019-02-15 00:00:00+00:00,408.2260325704
2019-02-19 00:00:00+00:00,406.5558971164
2019-02-20 00:00:00+00:00,411.7225734623
2019-02-21 00:00:00+00:00,407.8451244844
2019-02-22 00:00:00+00:00,414.1642919623
2019-02-25 00:00:00+00:00,416.9185504302
2019-02-26 00:00:00+00:00,416.8208816902
2019-02-27 00:00:00+00:00,425.2887614481
2019-02-28 00:00:00+00:00,429.703388496
2019-03-01 00:00:00+00:00,430.34800218
2019-03-04 00:00:00+00:00,422.6028710981
2019-03-05 00:00:00+00:00,420.0927844802
2019-03-06 00:00:00+00:00,414.5647337963
2019-03-07 00:00:00+00:00,412.7090277363
2019-03-08 00:00:00+00:00,412.6894939883
2019-03-11 00:00:00+00:00,390.6847268667
2019-03-12 00:00:00+00:00,366.6582168272
2019-03-13 00:00:00+00:00,368.3478860291
2019-03-14 00:00:00+00:00,364.5974064132
2019-03-15 00:00:00+00:00,370.1547577191
2019-03-18 00:00:00+00:00,363.6011852652
2019-03-19 00:00:00+00:00,364.7243757752
2019-03-20 00:00:00+00:00,367.3907323772
2019-03-21 00:00:00+00:00,364.0113939732
2019-03-22 00:00:00+00:00,353.7268756514
2019-03-25 00:00:00+00:00,361.8236141973
2019-03-26 00:00:00+00:00,361.7454792053
2019-03-27 00:00:00+00:00,365.4861919472
2019-03-28 00:00:00+00:00,365.7108300492
2019-03-29 00:00:00+00:00,372.5281081011
2019-04-01 00:00:00+00:00,382.4121845889
2019-04-02 00:00:00+00:00,381.6406015429
2019-04-03 00:00:00+00:00,375.770710269
2019-04-04 00:00:00+00:00,386.6314741568
2019-04-05 00:00:00+00:00,382.7930926749
2019-04-08 00:00:00+00:00,365.7889650412
2019-04-09 00:00:00+00:00,360.4367180893
2019-04-10 00:00:00+00:00,356.4322997494
2019-04-11 00:00:00+00:00,361.5306079773
2019-04-12 00:00:00+00:00,370.7896045291
2019-04-15 00:00:00+00:00,366.7070511972
2019-04-16 00:00:00+00:00,372.8211143211
2019-04-17 00:00:00+00:00,368.7190272411
2019-04-18 00:00:00+00:00,371.2095801111
2019-04-22 00:00:00+00:00,366.4238118512
2019-04-23 00:00:00+00:00,365.3006213412
2019-04-24 00:00:00+00:00,366.7070511972
2019-04-25 00:00:00+00:00,373.875936713
2019-04-26 00:00:00+00:00,371.9127950391
2019-04-29 00:00:00+00:00,370.2133589631
2019-04-30 00:00:00+00:00,368.8850640991
2019-05-01 00:00:00+00:00,368.0158123132
2019-05-02 00:00:00+00:00,367.0391249132
2019-05-03 00:00:00+00:00,367.6837385972
2019-05-06 00:00:00+00:00,362.9370378332
2019-05-07 00:00:00+00:00,348.9020398955
2019-05-08 00:00:00+00:00,351.3632921435
2019-05-09 00:00:00+00:00,347.8814015625
2019-05-10 00:00:00+00:00,348.4118733013
2019-05-13 00:00:00+00:00,331.4171305598
2019-05-14 00:00:00+00:00,336.9870838167
2019-05-15 00:00:00+00:00,339.5412070033
2019-05-16 00:00:00+00:00,347.5670479396
2019-05-17 00:00:00+00:00,348.7556975764
2019-05-20 00:00:00+00:00,346.5650457664
2019-05-21 00:00:00+00:00,352.4198819941
2019-05-22 00:00:00+00:00,346.5552222157
2019-05-23 00:00:00+00:00,344.3645704056
2019-05-24 00:00:00+00:00,348.6378149678
2019-05-28 00:00:00+00:00,348.6181678663
2019-05-29 00:00:00+00:00,342.64544903
2019-05-30 00:00:00+00:00,343.6965689568
2019-05-31 00:00:00+00:00,335.5823160641
2019-06-03 00:00:00+00:00,332.9103102689
2019-06-04 00:00:00+00:00,338.5392048301
2019-06-05 00:00:00+00:00,342.5963312765
2019-06-06 00:00:00+00:00,344.4529823621
2019-06-07 00:00:00+00:00,347.4589888817
2019-06-10 00:00:00+00:00,347.5572243888
2019-06-11 00:00:00+00:00,343.1660972181
2019-06-12 00:00:00+00:00,340.906680553
2019-06-13 00:00:00+00:00,342.7043903343
2019-06-14 00:00:00+00:00,341.0343867124
2019-06-17 00:00:00+00:00,348.6378149678
2019-06-18 00:00:00+00:00,367.3615026355
2019-06-19 00:00:00+00:00,362.056785248
2019-06-20 00:00:00+00:00,368.2652693016
2019-06-21 00:00:00+00:00,365.2789098834
2019-06-24 00:00:00+00:00,367.3909732877
2019-06-25 00:00:00+00:00,362.8033751026
2019-06-26 00:00:00+00:00,368.3242106059
2019-06-27 00:00:00+00:00,357.5968932222
2019-06-28 00:00:00+00:00,357.5870696715
2019-07-01 00:00:00+00:00,350.1702888797
2019-07-02 00:00:00+00:00,347.9108722147
2019-07-03 00:00:00+00:00,348.2154022869
2019-07-05 00:00:00+00:00,349.5808758367
2019-07-08 00:00:00+00:00,344.9245127965
2019-07-09 00:00:00+00:00,346.8597522879
2019-07-10 00:00:00+00:00,346.0836917812
2019-07-11 00:00:00+00:00,352.665470762
2019-07-12 00:00:00+00:00,358.8837783662
2019-07-15 00:00:00+00:00,355.2294174993
2019-07-16 00:00:00+00:00,356.3493022811
2019-07-17 00:00:00+00:00,362.9998461169
2019-07-18 00:00:00+00:00,354.7382399634
2019-07-19 00:00:00+00:00,370.7015098795
2019-07-22 00:00:00+00:00,366.8310308968
2019-07-23 00:00:00+00:00,366.4872066217
2019-07-24 00:00:00+00:00,355.0525935864
2019-07-25 00:00:00+00:00,341.9479769291
2019-07-26 00:00:00+00:00,338.9124997574
2019-07-29 00:00:00+00:00,334.2070189636
2019-07-30 00:00:00+00:00,341.3290932339
2019-07-31 00:00:00+00:00,335.1599033832
2019-08-01 00:00:00+00:00,328.3914769388
2019-08-02 00:00:00+00:00,333.568488167
2019-08-05 00:00:00+00:00,325.218470057
2019-08-06 00:00:00+00:00,326.5839436068
2019-08-07 00:00:00+00:00,325.53282368
2019-08-08 00:00:00+00:00,332.4338680591
2019-08-09 00:00:00+00:00,333.6198964274
2019-08-12 00:00:00+00:00,329.0635707792
2019-08-13 00:00:00+00:00,328.9845022213
2019-08-14 00:00:00+00:00,316.6893414702
2019-08-15 00:00:00+00:00,324.1810873298
2019-08-16 00:00:00+00:00,326.6025619151
2019-08-19 00:00:00+00:00,329.893790637
2019-08-20 00:00:00+00:00,327.8874259807
2019-08-21 00:00:00+00:00,336.0314874429
2019-08-22 00:00:00+00:00,350.2835950017
2019-08-23 00:00:00+00:00,351.8649661594
2019-08-26 00:00:00+00:00,354.8596877893
2019-08-27 00:00:00+00:00,350.5998692332
2019-08-28 00:00:00+00:00,355.7788597747
2019-08-29 00:00:00+00:00,358.5166085915
2019-08-30 00:00:00+00:00,359.8508905058
2019-09-03 00:00:00+00:00,350.2934785714
2019-09-04 00:00:00+00:00,352.3789117857
2019-09-05 00:00:00+00:00,356.105017576
2019-09-06 00:00:00+00:00,358.7735814046
2019-09-09 00:00:00+00:00,354.6027149762
2019-09-10 00:00:00+00:00,365.1880181631
2019-09-11 00:00:00+00:00,378.4814194576
2019-09-12 00:00:00+00:00,371.2565299808
2019-09-13 00:00:00+00:00,375.3384442816
2019-09-16 00:00:00+00:00,374.4390394357
2019-09-17 00:00:00+00:00,379.7267492443
2019-09-18 00:00:00+00:00,381.9110181558
2019-09-19 00:00:00+00:00,379.9639549179
2019-09-20 00:00:00+00:00,374.9727522014
2019-09-23 00:00:00+00:00,372.6402297438
2019-09-24 00:00:00+00:00,377.2064389617
2019-09-25 00:00:00+00:00,381.7034631914
2019-09-26 00:00:00+00:00,382.3854295031
2019-09-27 00:00:00+00:00,378.4023508997
2019-09-30 00:00:00+00:00,376.0401777328
2019-10-01 00:00:00+00:00,370.574563669
2019-10-02 00:00:00+00:00,363.0828178094
2019-10-03 00:00:00+00:00,367.7379791549
2019-10-04 00:00:00+00:00,371.3257149689
2019-10-07 00:00:00+00:00,372.1559348267
2019-10-08 00:00:00+00:00,369.7443438112
2019-10-09 00:00:00+00:00,370.5943308085
2019-10-10 00:00:00+00:00,366.6804371932
2019-10-11 00:00:00+00:00,370.5547965296
2019-10-14 00:00:00+00:00,368.8350553955
2019-10-15 00:00:00+00:00,366.6409029142
2019-10-16 00:00:00+00:00,368.0937876654
2019-10-17 00:00:00+00:00,364.7630246645
2019-10-18 00:00:00+00:00,339.9947989069
2019-10-21 00:00:00+00:00,327.2054596689
2019-10-22 00:00:00+00:00,333.0763000919
2019-10-23 00:00:00+00:00,336.5355494994
2019-10-24 00:00:00+00:00,340.5383952423
2019-10-25 00:00:00+00:00,335.8733503271
2019-10-28 00:00:00+00:00,336.9111251494
2019-10-29 00:00:00+00:00,344.8673987866
2019-10-30 00:00:00+00:00,342.0308142724
2019-10-31 00:00:00+00:00,335.952418885
2019-11-01 00:00:00+00:00,341.1709437054
2019-11-04 00:00:00+00:00,347.0022498495
2019-11-05 00:00:00+00:00,354.1184200591
2019-11-06 00:00:00+00:00,350.0661564675
2019-11-07 00:00:00+00:00,355.1809038057
2019-11-08 00:00:00+00:00,348.9085030808
2019-11-11 00:00:00+00:00,364.7734025372
2019-11-12 00:00:00+00:00,360.7177139543
2019-11-13 00:00:00+00:00,360.339978253
2019-11-14 00:00:00+00:00,365.2505423704
2019-11-15 00:00:00+00:00,369.4652775643
2019-11-18 00:00:00+00:00,367.2585058354
2019-11-19 00:00:00+00:00,364.8131641899
2019-11-20 00:00:00+00:00,368.6998657485
2019-11-21 00:00:00+00:00,364.2565010511
2019-11-22 00:00:00+00:00,369.1273035158
2019-11-25 00:00:00+00:00,370.9066374773
2019-11-26 00:00:00+00:00,371.2843731787
2019-11-27 00:00:00+00:00,365.8072055092
2019-11-29 00:00:00+00:00,363.9980503081
2019-12-02 00:00:00+00:00,353.0635957956
2019-12-03 00:00:00+00:00,349.9820677057
2019-12-04 00:00:00+00:00,346.7613738311
2019-12-05 00:00:00+00:00,343.6202032621
2019-12-06 00:00:00+00:00,351.9800907575
2019-12-09 00:00:00+00:00,349.1172517579
2019-12-10 00:00:00+00:00,345.8269749909
2019-12-11 00:00:00+00:00,347.9144617615
2019-12-12 00:00:00+00:00,344.2265684668
2019-12-13 00:00:00+00:00,339.6340975716
2019-12-16 00:00:00+00:00,325.0515114172
2019-12-17 00:00:00+00:00,325.0515114172
2019-12-18 00:00:00+00:00,328.7095834723
2019-12-19 00:00:00+00:00,331.5127799928
2019-12-20 00:00:00+00:00,326.0455527365
2019-12-23 00:00:00+00:00,335.538647336
2019-12-24 00:00:00+00:00,331.0157593331
2019-12-26 00:00:00+00:00,327.9541120696
2019-12-27 00:00:00+00:00,328.1728011598
2019-12-30 00:00:00+00:00,324.4550866256
2019-12-31 00:00:00+00:00,323.8189001812
2020-01-02 00:00:00+00:00,331.3338525553
2020-01-03 00:00:00+00:00,330.7771894165
2020-01-06 00:00:00+00:00,331.7513499094
2020-01-07 00:00:00+00:00,335.2702561798
2020-01-08 00:00:00+00:00,329.3954719826
2020-01-09 00:00:00+00:00,334.3358573396
2020-01-10 00:00:00+00:00,327.9541120696
2020-01-13 00:00:00+00:00,328.2523244654
2020-01-14 00:00:00+00:00,330.3696324755
2020-01-15 00:00:00+00:00,327.8348271113
2020-01-16 00:00:00+00:00,330.0217180138
2020-01-17 00:00:00+00:00,322.2184936571
2020-01-21 00:00:00+00:00,311.5027282349
2020-01-22 00:00:00+00:00,307.1587676694
2020-01-23 00:00:00+00:00,315.8963908663
2020-01-24 00:00:00+00:00,321.1250482059
2020-01-27 00:00:00+00:00,314.7134816963
2020-01-28 00:00:00+00:00,314.6737200435
2020-01-29 00:00:00+00:00,320.101185647
2020-01-30 00:00:00+00:00,321.3735585357
2020-01-31 00:00:00+00:00,316.3735306995
2020-02-03 00:00:00+00:00,314.1170569047
2020-02-04 00:00:00+00:00,316.0454970642
2020-02-05 00:00:00+00:00,327.5863167814
2020-02-06 00:00:00+00:00,339.3955276549
2020-02-07 00:00:00+00:00,334.7434142805
2020-02-10 00:00:00+00:00,342.6162215295
2020-02-11 00:00:00+00:00,342.3677111997
2020-02-12 00:00:00+00:00,345.3796563972
2020-02-13 00:00:00+00:00,342.82
2020-02-14 00:00:00+00:00,340.49
2020-02-18 00:00:00+00:00,338.88
2020-02-19 00:00:00+00:00,338.3
2020-02-20 00:00:00+00:00,336.28
2020-02-21 00:00:00+00:00,330.38
2020-02-24 00:00:00+00:00,317.9
2020-02-25 00:00:00+00:00,304.14
2020-02-26 00:00:00+00:00,305.59
2020-02-27 00:00:00+00:00,287.76
2020-02-28 00:00:00+00:00,275.11
2020-03-02 00:00:00+00:00,289.27
2020-03-03 00:00:00+00:00,280.62
2020-03-04 00:00:00+00:00,283.12
2020-03-05 00:00:00+00:00,260.37
2020-03-06 00:00:00+00:00,262.33
2020-03-09 00:00:00+00:00,227.17
2020-03-10 00:00:00+00:00,231.01
2020-03-11 00:00:00+00:00,189.08
2020-03-12 00:00:00+00:00,154.84
2020-03-13 00:00:00+00:00,170.2
2020-03-16 00:00:00+00:00,129.61
2020-03-17 00:00:00+00:00,124.14
2020-03-18 00:00:00+00:00,101.89
2020-03-19 00:00:00+00:00,97.71
2020-03-20 00:00:00+00:00,95.01
2020-03-23 00:00:00+00:00,105.62
2020-03-24 00:00:00+00:00,127.68
2020-03-25 00:00:00+00:00,158.73
2020-03-26 00:00:00+00:00,180.55
2020-03-27 00:00:00+00:00,162.0
2020-03-30 00:00:00+00:00,152.28
2020-03-31 00:00:00+00:00,149.14
2020-04-01 00:00:00+00:00,130.7
2020-04-02 00:00:00+00:00,123.27
2020-04-03 00:00:00+00:00,124.52
2020-04-06 00:00:00+00:00,148.77
2020-04-07 00:00:00+00:00,141.58
2020-04-08 00:00:00+00:00,146.87
2020-04-09 00:00:00+00:00,151.84
2020-04-13 00:00:00+00:00,147.33
2020-04-14 00:00:00+00:00,141.0
2020-04-15 00:00:00+00:00,145.98
2020-04-16 00:00:00+00:00,134.24
2020-04-17 00:00:00+00:00,154.0
2020-04-20 00:00:00+00:00,143.61
2020-04-21 00:00:00+00:00,136.33
2020-04-22 00:00:00+00:00,134.97
2020-04-23 00:00:00+00:00,137.74
2020-04-24 00:00:00+00:00,128.98
2020-04-27 00:00:00+00:00,128.68
2020-04-28 00:00:00+00:00,131.3
2020-04-29 00:00:00+00:00,139.0
2020-04-30 00:00:00+00:00,141.02
2020-05-01 00:00:00+00:00,133.37
2020-05-04 00:00:00+00:00,131.46
2020-05-05 00:00:00+00:00,125.4
2020-05-06 00:00:00+00:00,121.86
2020-05-07 00:00:00+00:00,128.65
2020-05-08 00:00:00+00:00,133.44
2020-05-11 00:00:00+00:00,128.91
2020-05-12 00:00:00+00:00,125.22
2020-05-13 00:00:00+00:00,121.5
2020-05-14 00:00:00+00:00,122.52
2020-05-15 00:00:00+00:00,120.0
2020-05-18 00:00:00+00:00,135.44
2020-05-19 00:00:00+00:00,130.44
2020-05-20 00:00:00+00:00,133.32
2020-05-21 00:00:00+00:00,139.0
2020-05-22 00:00:00+00:00,137.53
2020-05-26 00:00:00+00:00,144.73
2020-05-27 00:00:00+00:00,149.52
2020-05-28 00:00:00+00:00,149.82
2020-05-29 00:00:00+00:00,145.85
2020-06-01 00:00:00+00:00,151.39
2020-06-02 00:00:00+00:00,153.31
2020-06-03 00:00:00+00:00,173.16
2020-06-04 00:00:00+00:00,184.3
2020-06-05 00:00:00+00:00,205.43
2020-06-08 00:00:00+00:00,230.5
2020-06-09 00:00:00+00:00,216.74
2020-06-10 00:00:00+00:00,203.41
2020-06-11 00:00:00+00:00,170.0
2020-06-12 00:00:00+00:00,189.51
2020-06-15 00:00:00+00:00,190.94
2020-06-16 00:00:00+00:00,197.77
2020-06-17 00:00:00+00:00,192.54
2020-06-18 00:00:00+00:00,192.29
2020-06-19 00:00:00+00:00,187.02
2020-06-22 00:00:00+00:00,188.52
2020-06-23 00:00:00+00:00,187.88
2020-06-24 00:00:00+00:00,176.69
2020-06-25 00:00:00+00:00,174.88
2020-06-26 00:00:00+00:00,170.01
2020-06-29 00:00:00+00:00,194.49
2020-06-30 00:00:00+00:00,183.3
2020-07-01 00:00:00+00:00,180.32
2020-07-02 00:00:00+00:00,180.81
2020-07-06 00:00:00+00:00,187.91
2020-07-07 00:00:00+00:00,178.88
2020-07-08 00:00:00+00:00,180.08
2020-07-09 00:00:00+00:00,173.28
2020-07-10 00:00:00+00:00,178.44
2020-07-13 00:00:00+00:00,175.65
2020-07-14 00:00:00+00:00,179.96
2020-07-15 00:00:00+00:00,187.94
2020-07-16 00:00:00+00:00,178.7
2020-07-17 00:00:00+00:00,175.66
2020-07-20 00:00:00+00:00,174.42
2020-07-21 00:00:00+00:00,178.63
2020-07-22 00:00:00+00:00,179.79
2020-07-23 00:00:00+00:00,176.45
2020-07-24 00:00:00+00:00,173.76
2020-07-27 00:00:00+00:00,170.21
2020-07-28 00:00:00+00:00,170.84
2020-07-29 00:00:00+00:00,166.01
2020-07-30 00:00:00+00:00,161.95
2020-07-31 00:00:00+00:00,158.0
2020-08-03 00:00:00+00:00,162.27
2020-08-04 00:00:00+00:00,165.07
2020-08-05 00:00:00+00:00,174.28
2020-08-06 00:00:00+00:00,172.2
2020-08-07 00:00:00+00:00,170.02
2020-08-10 00:00:00+00:00,179.41
2020-08-11 00:00:00+00:00,180.13
2020-08-12 00:00:00+00:00,175.44
2020-08-13 00:00:00+00:00,174.73
2020-08-14 00:00:00+00:00,178.08
2020-08-17 00:00:00+00:00,172.01
2020-08-18 00:00:00+00:00,170.23
2020-08-19 00:00:00+00:00,169.27
2020-08-20 00:00:00+00:00,169.58
2020-08-21 00:00:00+00:00,167.5
2020-08-24 00:00:00+00:00,178.27
2020-08-25 00:00:00+00:00,174.73
2020-08-26 00:00:00+00:00,171.9
2020-08-27 00:00:00+00:00,174.2
2020-08-28 00:00:00+00:00,175.8
2020-08-31 00:00:00+00:00,171.82
2020-09-01 00:00:00+00:00,172.1
2020-09-02 00:00:00+00:00,174.78
2020-09-03 00:00:00+00:00,168.77
2020-09-04 00:00:00+00:00,171.05
2020-09-08 00:00:00+00:00,161.08
2020-09-09 00:00:00+00:00,160.78
2020-09-10 00:00:00+00:00,157.69
2020-09-11 00:00:00+00:00,160.23
2020-09-14 00:00:00+00:00,165.35
2020-09-15 00:00:00+00:00,163.49
2020-09-16 00:00:00+00:00,167.46
2020-09-17 00:00:00+00:00,167.53
2020-09-18 00:00:00+00:00,161.14
2020-09-21 00:00:00+00:00,156.35
2020-09-22 00:00:00+00:00,156.8
2020-09-23 00:00:00+00:00,151.18
2020-09-24 00:00:00+00:00,146.05
2020-09-25 00:00:00+00:00,156.03
2020-09-28 00:00:00+00:00,166.08
2020-09-29 00:00:00+00:00,163.6
2020-09-30 00:00:00+00:00,165.26
2020-10-01 00:00:00+00:00,167.86
2020-10-02 00:00:00+00:00,168.08
2020-10-05 00:00:00+00:00,171.2
2020-10-06 00:00:00+00:00,159.54
2020-10-07 00:00:00+00:00,164.61
2020-10-08 00:00:00+00:00,168.0
2020-10-09 00:00:00+00:00,167.33
2020-10-12 00:00:00+00:00,167.35
2020-10-13 00:00:00+00:00,162.14
2020-10-14 00:00:00+00:00,163.24
2020-10-15 00:00:00+00:00,164.24
2020-10-16 00:00:00+00:00,167.35
2020-10-19 00:00:00+00:00,167.11
2020-10-20 00:00:00+00:00,167.24
2020-10-21 00:00:00+00:00,163.86
2020-10-22 00:00:00+00:00,169.07
2020-10-23 00:00:00+00:00,167.36
2020-10-26 00:00:00+00:00,160.83
2020-10-27 00:00:00+00:00,155.24
2020-10-28 00:00:00+00:00,148.14
2020-10-29 00:00:00+00:00,148.29
2020-10-30 00:00:00+00:00,144.39
2020-11-02 00:00:00+00:00,148.6
2020-11-03 00:00:00+00:00,153.65
2020-11-04 00:00:00+00:00,151.63
2020-11-05 00:00:00+00:00,157.09
2020-11-06 00:00:00+00:00,157.74
2020-11-09 00:00:00+00:00,179.36
2020-11-10 00:00:00+00:00,188.69
2020-11-11 00:00:00+00:00,182.15
2020-11-12 00:00:00+00:00,176.72
2020-11-13 00:00:00+00:00,187.11
2020-11-16 00:00:00+00:00,202.4
2020-11-17 00:00:00+00:00,210.05
2020-11-18 00:00:00+00:00,203.3
2020-11-19 00:00:00+00:00,205.67
2020-11-20 00:00:00+00:00,199.62
2020-11-23 00:00:00+00:00,211.53
2020-11-24 00:00:00+00:00,218.49
2020-11-25 00:00:00+00:00,217.61
2020-11-27 00:00:00+00:00,216.5
2020-11-30 00:00:00+00:00,210.71
2020-12-01 00:00:00+00:00,213.01
2020-12-02 00:00:00+00:00,223.85
2020-12-03 00:00:00+00:00,237.2
2020-12-04 00:00:00+00:00,232.71
2020-12-07 00:00:00+00:00,238.17
2020-12-08 00:00:00+00:00,236.57
2020-12-09 00:00:00+00:00,232.06
2020-12-10 00:00:00+00:00,234.43
2020-12-11 00:00:00+00:00,230.33
2020-12-14 00:00:00+00:00,228.62
2020-12-15 00:00:00+00:00,229.5
2020-12-16 00:00:00+00:00,225.87
2020-12-17 00:00:00+00:00,221.24
2020-12-18 00:00:00+00:00,219.75
2020-12-21 00:00:00+00:00,219.31
2020-12-22 00:00:00+00:00,218.78
2020-12-23 00:00:00+00:00,219.69
2020-12-24 00:00:00+00:00,217.15
2020-12-28 00:00:00+00:00,216.09
2020-12-29 00:00:00+00:00,216.25
2020-12-30 00:00:00+00:00,216.67
2020-12-31 00:00:00+00:00,214.06
2021-01-04 00:00:00+00:00,202.72
2021-01-05 00:00:00+00:00,211.63
2021-01-06 00:00:00+00:00,211.03
2021-01-07 00:00:00+00:00,212.71
2021-01-08 00:00:00+00:00,209.9
2021-01-11 00:00:00+00:00,206.79
2021-01-12 00:00:00+00:00,208.41
2021-01-13 00:00:00+00:00,207.21
2021-01-14 00:00:00+00:00,209.91
2021-01-15 00:00:00+00:00,204.32
2021-01-19 00:00:00+00:00,210.71
2021-01-20 00:00:00+00:00,211.45
2021-01-21 00:00:00+00:00,207.41
2021-01-22 00:00:00+00:00,205.84
2021-01-25 00:00:00+00:00,203.36
2021-01-26 00:00:00+00:00,202.06
2021-01-27 00:00:00+00:00,194.03
2021-01-28 00:00:00+00:00,197.23
2021-01-29 00:00:00+00:00,194.19
2021-02-01 00:00:00+00:00,195.84
2021-02-02 00:00:00+00:00,200.94
2021-02-03 00:00:00+00:00,207.39
2021-02-04 00:00:00+00:00,210.64
2021-02-05 00:00:00+00:00,207.93
2021-02-08 00:00:00+00:00,211.95
2021-02-09 00:00:00+00:00,215.12
2021-02-10 00:00:00+00:00,211.92
2021-02-11 00:00:00+00:00,210.66
2021-02-12 00:00:00+00:00,210.98
2021-02-16 00:00:00+00:00,217.18
2021-02-17 00:00:00+00:00,215.52
2021-02-18 00:00:00+00:00,208.48
2021-02-19 00:00:00+00:00,217.47
2021-02-22 00:00:00+00:00,212.88
2021-02-23 00:00:00+00:00,212.12
2021-02-24 00:00:00+00:00,229.34
2021-02-25 00:00:00+00:00,216.45
2021-02-26 00:00:00+00:00,212.01
2021-03-01 00:00:00+00:00,224.39
2021-03-02 00:00:00+00:00,223.14
2021-03-03 00:00:00+00:00,228.56
2021-03-04 00:00:00+00:00,224.71
2021-03-05 00:00:00+00:00,223.22
2021-03-08 00:00:00+00:00,224.03
2021-03-09 00:00:00+00:00,230.61
2021-03-10 00:00:00+00:00,245.34
2021-03-11 00:00:00+00:00,252.0
2021-03-12 00:00:00+00:00,269.19
2021-03-15 00:00:00+00:00,265.63
2021-03-16 00:00:00+00:00,255.21
2021-03-17 00:00:00+00:00,263.59
2021-03-18 00:00:00+00:00,256.06
2021-03-19 00:00:00+00:00,255.82
2021-03-22 00:00:00+00:00,251.23
2021-03-23 00:00:00+00:00,241.25
2021-03-24 00:00:00+00:00,239.24
2021-03-25 00:00:00+00:00,247.19
2021-03-26 00:00:00+00:00,244.87
2021-03-29 00:00:00+00:00,250.52
2021-03-30 00:00:00+00:00,252.01
2021-03-31 00:00:00+00:00,254.72
2021-04-01 00:00:00+00:00,252.96
2021-04-05 00:00:00+00:00,259.36
2021-04-06 00:00:00+00:00,255.17
2021-04-07 00:00:00+00:00,252.58
2021-04-08 00:00:00+00:00,254.95
2021-04-09 00:00:00+00:00,252.36
2021-04-12 00:00:00+00:00,249.52
2021-04-13 00:00:00+00:00,253.27
2021-04-14 00:00:00+00:00,252.43
2021-04-15 00:00:00+00:00,251.11
2021-04-16 00:00:00+00:00,248.18
2021-04-19 00:00:00+00:00,244.15
2021-04-20 00:00:00+00:00,234.06
2021-04-21 00:00:00+00:00,235.92
2021-04-22 00:00:00+00:00,234.33
2021-04-23 00:00:00+00:00,238.38
2021-04-26 00:00:00+00:00,241.44
2021-04-27 00:00:00+00:00,242.47
2021-04-28 00:00:00+00:00,235.46
2021-04-29 00:00:00+00:00,235.94
2021-04-30 00:00:00+00:00,234.31
2021-05-03 00:00:00+00:00,235.19
2021-05-04 00:00:00+00:00,233.63
2021-05-05 00:00:00+00:00,228.18
2021-05-06 00:00:00+00:00,229.81
2021-05-07 00:00:00+00:00,235.47
2021-05-10 00:00:00+00:00,232.93
2021-05-11 00:00:00+00:00,228.88
2021-05-12 00:00:00+00:00,220.78
2021-05-13 00:00:00+00:00,222.64
2021-05-14 00:00:00+00:00,228.47
2021-05-17 00:00:00+00:00,227.98
2021-05-18 00:00:00+00:00,227.55
2021-05-19 00:00:00+00:00,224.42
2021-05-20 00:00:00+00:00,227.65
2021-05-21 00:00:00+00:00,234.82
2021-05-24 00:00:00+00:00,237.44
2021-05-25 00:00:00+00:00,240.74
2021-05-26 00:00:00+00:00,241.37
2021-05-27 00:00:00+00:00,250.7
2021-05-28 00:00:00+00:00,247.02
2021-06-01 00:00:00+00:00,254.73
2021-06-02 00:00:00+00:00,255.62
2021-06-03 00:00:00+00:00,250.32
2021-06-04 00:00:00+00:00,249.92
2021-06-07 00:00:00+00:00,252.66
2021-06-08 00:00:00+00:00,252.76
2021-06-09 00:00:00+00:00,248.06
2021-06-10 00:00:00+00:00,248.34
2021-06-11 00:00:00+00:00,247.28
2021-06-14 00:00:00+00:00,245.14
2021-06-15 00:00:00+00:00,246.54
2021-06-16 00:00:00+00:00,242.27
2021-06-17 00:00:00+00:00,239.22
2021-06-18 00:00:00+00:00,237.35
2021-06-21 00:00:00+00:00,245.28
2021-06-22 00:00:00+00:00,243.78
2021-06-23 00:00:00+00:00,243.57
2021-06-24 00:00:00+00:00,250.57
2021-06-25 00:00:00+00:00,248.38
2021-06-28 00:00:00+00:00,239.96
2021-06-29 00:00:00+00:00,235.76
2021-06-30 00:00:00+00:00,239.56
2021-07-01 00:00:00+00:00,239.73
2021-07-02 00:00:00+00:00,236.68
2021-07-06 00:00:00+00:00,236.14
2021-07-07 00:00:00+00:00,231.78
2021-07-08 00:00:00+00:00,236.77
2021-07-09 00:00:00+00:00,239.59
2021-07-12 00:00:00+00:00,238.29
2021-07-13 00:00:00+00:00,228.2
2021-07-14 00:00:00+00:00,224.45
2021-07-15 00:00:00+00:00,222.76
2021-07-16 00:00:00+00:00,217.74
2021-07-19 00:00:00+00:00,206.99
2021-07-20 00:00:00+00:00,217.15
2021-07-21 00:00:00+00:00,222.54
2021-07-22 00:00:00+00:00,220.87
2021-07-23 00:00:00+00:00,221.52
2021-07-26 00:00:00+00:00,225.85
2021-07-27 00:00:00+00:00,222.27
2021-07-28 00:00:00+00:00,231.57
2021-07-29 00:00:00+00:00,231.63
2021-07-30 00:00:00+00:00,226.48
2021-08-02 00:00:00+00:00,225.34
2021-08-03 00:00:00+00:00,229.09
2021-08-04 00:00:00+00:00,226.63
2021-08-05 00:00:00+00:00,229.94
2021-08-06 00:00:00+00:00,231.33
2021-08-09 00:00:00+00:00,232.27
2021-08-10 00:00:00+00:00,235.78
2021-08-11 00:00:00+00:00,239.49
2021-08-12 00:00:00+00:00,238.18
2021-08-13 00:00:00+00:00,234.46
2021-08-16 00:00:00+00:00,229.06
2021-08-17 00:00:00+00:00,222.22
2021-08-18 00:00:00+00:00,219.0
2021-08-19 00:00:00+00:00,212.16
2021-08-20 00:00:00+00:00,212.67
2021-08-23 00:00:00+00:00,219.4
2021-08-24 00:00:00+00:00,221.43
2021-08-25 00:00:00+00:00,221.03
2021-08-26 00:00:00+00:00,216.5
2021-08-27 00:00:00+00:00,221.75
2021-08-30 00:00:00+00:00,217.66
2021-08-31 00:00:00+00:00,219.5
2021-09-01 00:00:00+00:00,218.12
2021-09-02 00:00:00+00:00,220.83
2021-09-03 00:00:00+00:00,218.17
2021-09-07 00:00:00+00:00,214.24
2021-09-08 00:00:00+00:00,211.38
2021-09-09 00:00:00+00:00,213.94
2021-09-10 00:00:00+00:00,210.3
2021-09-13 00:00:00+00:00,214.48
2021-09-14 00:00:00+00:00,211.57
2021-09-15 00:00:00+00:00,214.22
2021-09-16 00:00:00+00:00,213.36
2021-09-17 00:00:00+00:00,213.36
2021-09-20 00:00:00+00:00,209.5
2021-09-21 00:00:00+00:00,208.51
2021-09-22 00:00:00+00:00,216.98
2021-09-23 00:00:00+00:00,221.1
2021-09-24 00:00:00+00:00,221.39
2021-09-27 00:00:00+00:00,224.16
2021-09-28 00:00:00+00:00,218.41
2021-09-29 00:00:00+00:00,225.36
2021-09-30 00:00:00+00:00,219.94
2021-10-01 00:00:00+00:00,226.0
2021-10-04 00:00:00+00:00,223.79
2021-10-05 00:00:00+00:00,224.42
2021-10-06 00:00:00+00:00,224.99
2021-10-07 00:00:00+00:00,226.48
2021-10-08 00:00:00+00:00,226.39
2021-10-11 00:00:00+00:00,226.45
2021-10-12 00:00:00+00:00,223.57
2021-10-13 00:00:00+00:00,221.78
2021-10-14 00:00:00+00:00,217.44
2021-10-15 00:00:00+00:00,217.04
2021-10-18 00:00:00+00:00,216.98
2021-10-19 00:00:00+00:00,215.97
2021-10-20 00:00:00+00:00,216.17
2021-10-21 00:00:00+00:00,214.34
2021-10-22 00:00:00+00:00,212.97
2021-10-25 00:00:00+00:00,212.87
2021-10-26 00:00:00+00:00,209.81
2021-10-27 00:00:00+00:00,206.61
2021-10-28 00:00:00+00:00,207.85
2021-10-29 00:00:00+00:00,207.03
2021-11-01 00:00:00+00:00,214.58
2021-11-02 00:00:00+00:00,212.77
2021-11-03 00:00:00+00:00,213.38
2021-11-04 00:00:00+00:00,213.03
2021-11-05 00:00:00+00:00,224.46
2021-11-08 00:00:00+00:00,222.68
2021-11-09 00:00:00+00:00,220.79
2021-11-10 00:00:00+00:00,218.5
2021-11-11 00:00:00+00:00,219.38
2021-11-12 00:00:00+00:00,220.96
2021-11-15 00:00:00+00:00,233.09
2021-11-16 00:00:00+00:00,225.8
2021-11-17 00:00:00+00:00,226.62
2021-11-18 00:00:00+00:00,227.25
2021-11-19 00:00:00+00:00,214.13
2021-11-22 00:00:00+00:00,209.9
2021-11-23 00:00:00+00:00,209.13
2021-11-24 00:00:00+00:00,210.6
2021-11-26 00:00:00+00:00,199.21
2021-11-29 00:00:00+00:00,198.5
2021-11-30 00:00:00+00:00,197.85
2021-12-01 00:00:00+00:00,188.19
2021-12-02 00:00:00+00:00,202.38
2021-12-03 00:00:00+00:00,198.49
2021-12-06 00:00:00+00:00,205.88
2021-12-07 00:00:00+00:00,208.83
2021-12-08 00:00:00+00:00,211.03
2021-12-09 00:00:00+00:00,207.56
2021-12-10 00:00:00+00:00,205.06
2021-12-13 00:00:00+00:00,197.4
2021-12-14 00:00:00+00:00,195.5
2021-12-15 00:00:00+00:00,195.43
2021-12-16 00:00:00+00:00,190.79
2021-12-17 00:00:00+00:00,192.63
2021-12-20 00:00:00+00:00,188.48
2021-12-21 00:00:00+00:00,199.52
2021-12-22 00:00:00+00:00,201.69
2021-12-23 00:00:00+00:00,204.22
2021-12-27 00:00:00+00:00,203.17
2021-12-28 00:00:00+00:00,206.13
2021-12-29 00:00:00+00:00,203.66
2021-12-30 00:00:00+00:00,202.71
2021-12-31 00:00:00+00:00,201.32
2022-01-03 00:00:00+00:00,207.86
2022-01-04 00:00:00+00:00,213.63
2022-01-05 00:00:00+00:00,213.07
2022-01-06 00:00:00+00:00,211.34
2022-01-07 00:00:00+00:00,215.5
2022-01-10 00:00:00+00:00,209.31
2022-01-11 00:00:00+00:00,216.02
2022-01-12 00:00:00+00:00,217.45
2022-01-13 00:00:00+00:00,223.9
2022-01-14 00:00:00+00:00,225.96
2022-01-18 00:00:00+00:00,225.01
2022-01-19 00:00:00+00:00,217.08
2022-01-20 00:00:00+00:00,214.19
2022-01-21 00:00:00+00:00,205.44
2022-01-24 00:00:00+00:00,204.2
2022-01-25 00:00:00+00:00,204.1
2022-01-26 00:00:00+00:00,194.27
2022-01-27 00:00:00+00:00,189.75
2022-01-28 00:00:00+00:00,190.57
2022-01-31 00:00:00+00:00,200.24
2022-02-01 00:00:00+00:00,208.34
2022-02-02 00:00:00+00:00,207.52
2022-02-03 00:00:00+00:00,206.39
2022-02-04 00:00:00+00:00,206.45
2022-02-07 00:00:00+00:00,211.92
2022-02-08 00:00:00+00:00,213.27
2022-02-09 00:00:00+00:00,215.86
2022-02-10 00:00:00+00:00,218.75
2022-02-11 00:00:00+00:00,212.3
2022-02-14 00:00:00+00:00,210.04
2022-02-15 00:00:00+00:00,217.73
2022-02-16 00:00:00+00:00,218.93
2022-02-17 00:00:00+00:00,213.58
2022-02-18 00:00:00+00:00,209.03
2022-02-22 00:00:00+00:00,198.74
2022-02-23 00:00:00+00:00,196.42
2022-02-24 00:00:00+00:00,198.43
2022-02-25 00:00:00+00:00,201.48
2022-02-28 00:00:00+00:00,205.34
2022-03-01 00:00:00+00:00,194.91
2022-03-02 00:00:00+00:00,197.81
2022-03-03 00:00:00+00:00,188.85
2022-03-04 00:00:00+00:00,180.84
2022-03-07 00:00:00+00:00,169.17
2022-03-08 00:00:00+00:00,173.8
2022-03-09 00:00:00+00:00,178.56
2022-03-10 00:00:00+00:00,178.39
2022-03-11 00:00:00+00:00,176.23
2022-03-14 00:00:00+00:00,175.52
2022-03-15 00:00:00+00:00,179.89
2022-03-16 00:00:00+00:00,188.99
2022-03-17 00:00:00+00:00,190.19
2022-03-18 00:00:00+00:00,192.83
2022-03-21 00:00:00+00:00,185.9
2022-03-22 00:00:00+00:00,191.04
2022-03-23 00:00:00+00:00,186.04
2022-03-24 00:00:00+00:00,189.05
2022-03-25 00:00:00+00:00,188.95
2022-03-28 00:00:00+00:00,188.16
2022-03-29 00:00:00+00:00,193.8
2022-03-30 00:00:00+00:00,194.91
2022-03-31 00:00:00+00:00,191.5
2022-04-01 00:00:00+00:00,190.76
2022-04-04 00:00:00+00:00,191.18
2022-04-05 00:00:00+00:00,182.65
2022-04-06 00:00:00+00:00,178.72
2022-04-07 00:00:00+00:00,177.97
2022-04-08 00:00:00+00:00,175.2
2022-04-11 00:00:00+00:00,175.03
2022-04-12 00:00:00+00:00,176.28
2022-04-13 00:00:00+00:00,182.87
2022-04-14 00:00:00+00:00,181.94
2022-04-18 00:00:00+00:00,179.85
2022-04-19 00:00:00+00:00,185.98
2022-04-20 00:00:00+00:00,183.55
2022-04-21 00:00:00+00:00,181.02
2022-04-22 00:00:00+00:00,176.92
2022-04-25 00:00:00+00:00,175.91
2022-04-26 00:00:00+00:00,167.04
2022-04-27 00:00:00+00:00,154.46
2022-04-28 00:00:00+00:00,154.22
2022-04-29 00:00:00+00:00,148.84
2022-05-02 00:00:00+00:00,148.61
2022-05-03 00:00:00+00:00,153.58
2022-05-04 00:00:00+00:00,156.97
2022-05-05 00:00:00+00:00,150.47
2022-05-06 00:00:00+00:00,148.9
2022-05-09 00:00:00+00:00,133.31
2022-05-10 00:00:00+00:00,132.95
2022-05-11 00:00:00+00:00,129.39
2022-05-12 00:00:00+00:00,123.14
2022-05-13 00:00:00+00:00,127.2
2022-05-16 00:00:00+00:00,124.05
2022-05-17 00:00:00+00:00,132.05
2022-05-18 00:00:00+00:00,125.52
2022-05-19 00:00:00+00:00,127.14
2022-05-20 00:00:00+00:00,120.7
2022-05-23 00:00:00+00:00,124.07
2022-05-24 00:00:00+00:00,119.4
2022-05-25 00:00:00+00:00,122.06
2022-05-26 00:00:00+00:00,127.73
2022-05-27 00:00:00+00:00,132.23
2022-05-31 00:00:00+00:00,131.4
2022-06-01 00:00:00+00:00,130.65
2022-06-02 00:00:00+00:00,140.5
2022-06-03 00:00:00+00:00,139.25
2022-06-06 00:00:00+00:00,139.24
2022-06-07 00:00:00+00:00,140.82
2022-06-08 00:00:00+00:00,139.63
2022-06-09 00:00:00+00:00,133.73
2022-06-10 00:00:00+00:00,127.0
2022-06-13 00:00:00+00:00,115.86
2022-06-14 00:00:00+00:00,122.16
2022-06-15 00:00:00+00:00,133.72
2022-06-16 00:00:00+00:00,133.36
2022-06-17 00:00:00+00:00,136.8
2022-06-21 00:00:00+00:00,136.75
2022-06-22 00:00:00+00:00,137.16
2022-06-23 00:00:00+00:00,133.97
2022-06-24 00:00:00+00:00,141.53
2022-06-27 00:00:00+00:00,138.72
2022-06-28 00:00:00+00:00,138.7
2022-06-29 00:00:00+00:00,138.45
2022-06-30 00:00:00+00:00,136.72
2022-07-01 00:00:00+00:00,139.84
2022-07-05 00:00:00+00:00,137.7
2022-07-06 00:00:00+00:00,136.31
2022-07-07 00:00:00+00:00,139.97
2022-07-08 00:00:00+00:00,139.07
2022-07-11 00:00:00+00:00,136.99
2022-07-12 00:00:00+00:00,147.15
2022-07-13 00:00:00+00:00,143.95
2022-07-14 00:00:00+00:00,147.15
2022-07-15 00:00:00+00:00,147.74
2022-07-18 00:00:00+00:00,147.72
2022-07-19 00:00:00+00:00,156.13
2022-07-20 00:00:00+00:00,158.38
2022-07-21 00:00:00+00:00,161.41
2022-07-22 00:00:00+00:00,158.16
2022-07-25 00:00:00+00:00,156.64
2022-07-26 00:00:00+00:00,155.92
2022-07-27 00:00:00+00:00,156.09
2022-07-28 00:00:00+00:00,159.09
2022-07-29 00:00:00+00:00,159.31
2022-08-01 00:00:00+00:00,169.07
2022-08-02 00:00:00+00:00,163.28
2022-08-03 00:00:00+00:00,166.64
2022-08-04 00:00:00+00:00,166.5
2022-08-05 00:00:00+00:00,165.04
2022-08-08 00:00:00+00:00,165.89
2022-08-09 00:00:00+00:00,164.85
2022-08-10 00:00:00+00:00,169.02
2022-08-11 00:00:00+00:00,167.88
2022-08-12 00:00:00+00:00,169.99
2022-08-15 00:00:00+00:00,170.47
2022-08-16 00:00:00+00:00,172.08
2022-08-17 00:00:00+00:00,167.2
2022-08-18 00:00:00+00:00,168.69
2022-08-19 00:00:00+00:00,162.92
2022-08-22 00:00:00+00:00,158.98
2022-08-23 00:00:00+00:00,160.07
2022-08-24 00:00:00+00:00,163.6
2022-08-25 00:00:00+00:00,169.38
2022-08-26 00:00:00+00:00,164.53
2022-08-29 00:00:00+00:00,165.42
2022-08-30 00:00:00+00:00,162.21
2022-08-31 00:00:00+00:00,160.25
2022-09-01 00:00:00+00:00,153.66
2022-09-02 00:00:00+00:00,151.82
2022-09-06 00:00:00+00:00,152.39
2022-09-07 00:00:00+00:00,155.95
2022-09-08 00:00:00+00:00,157.79
2022-09-09 00:00:00+00:00,157.52
2022-09-12 00:00:00+00:00,158.72
2022-09-13 00:00:00+00:00,147.31
2022-09-14 00:00:00+00:00,149.26
2022-09-15 00:00:00+00:00,149.78
2022-09-16 00:00:00+00:00,144.29
2022-09-19 00:00:00+00:00,144.88
2022-09-20 00:00:00+00:00,145.94
2022-09-21 00:00:00+00:00,143.29
2022-09-22 00:00:00+00:00,138.71
2022-09-23 00:00:00+00:00,131.26
2022-09-26 00:00:00+00:00,127.34
2022-09-27 00:00:00+00:00,127.51
2022-09-28 00:00:00+00:00,133.44
2022-09-29 00:00:00+00:00,125.33
2022-09-30 00:00:00+00:00,121.08
2022-10-03 00:00:00+00:00,126.05
2022-10-04 00:00:00+00:00,133.51
2022-10-05 00:00:00+00:00,132.11
2022-10-06 00:00:00+00:00,132.2
2022-10-07 00:00:00+00:00,129.79
2022-10-10 00:00:00+00:00,131.9
2022-10-11 00:00:00+00:00,131.57
2022-10-12 00:00:00+00:00,130.42
2022-10-13 00:00:00+00:00,132.4
2022-10-14 00:00:00+00:00,133.15
2022-10-17 00:00:00+00:00,136.09
2022-10-18 00:00:00+00:00,137.34
2022-10-19 00:00:00+00:00,138.39
2022-10-20 00:00:00+00:00,139.13
2022-10-21 00:00:00+00:00,141.32
2022-10-24 00:00:00+00:00,142.05
2022-10-25 00:00:00+00:00,146.65
2022-10-26 00:00:00+00:00,133.79
2022-10-27 00:00:00+00:00,139.76
2022-10-28 00:00:00+00:00,143.84
2022-10-31 00:00:00+00:00,142.51
2022-11-01 00:00:00+00:00,143.38
2022-11-02 00:00:00+00:00,147.41
2022-11-03 00:00:00+00:00,156.75
2022-11-04 00:00:00+00:00,160.01
2022-11-07 00:00:00+00:00,164.91
2022-11-08 00:00:00+00:00,169.62
2022-11-09 00:00:00+00:00,168.74
2022-11-10 00:00:00+00:00,177.58
2022-11-11 00:00:00+00:00,177.49
2022-11-14 00:00:00+00:00,173.55
2022-11-15 00:00:00+00:00,175.35
2022-11-16 00:00:00+00:00,172.69
2022-11-17 00:00:00+00:00,172.78
2022-11-18 00:00:00+00:00,173.89
2022-11-21 00:00:00+00:00,172.94
2022-11-22 00:00:00+00:00,172.5
2022-11-23 00:00:00+00:00,174.85
2022-11-25 00:00:00+00:00,178.36
2022-11-28 00:00:00+00:00,171.83
2022-11-29 00:00:00+00:00,175.32
2022-11-30 00:00:00+00:00,178.88
2022-12-01 00:00:00+00:00,175.78
2022-12-02 00:00:00+00:00,182.87
2022-12-05 00:00:00+00:00,185.1
2022-12-06 00:00:00+00:00,178.43
2022-12-07 00:00:00+00:00,176.5
2022-12-08 00:00:00+00:00,179.08
2022-12-09 00:00:00+00:00,179.54
2022-12-12 00:00:00+00:00,186.27
2022-12-13 00:00:00+00:00,187.13
2022-12-14 00:00:00+00:00,188.25
2022-12-15 00:00:00+00:00,183.72
2022-12-16 00:00:00+00:00,184.7
2022-12-19 00:00:00+00:00,185.68
2022-12-20 00:00:00+00:00,188.29
2022-12-21 00:00:00+00:00,196.0
2022-12-22 00:00:00+00:00,188.25
2022-12-23 00:00:00+00:00,189.06
2022-12-27 00:00:00+00:00,189.4
2022-12-28 00:00:00+00:00,188.38
2022-12-29 00:00:00+00:00,188.91
2022-12-30 00:00:00+00:00,190.49
symbol,BA
date,"Index([2013-01-02 00:00:00+00:00, 2013-01-03 00:00:00+00:00,
       2013-01-04 00:00:00+00:00, 2013-01-07 00:00:00+00:00,
       2013-01-08 00:00:00+00:00, 2013-01-09 00:00:00+00:00,
       2013-01-10 00:00:00+00:00, 2013-01-11 00:00:00+00:00,
       2013-01-14 00:00:00+00:00, 2013-01-15 00:00:00+00:00,
       ...
       2022-12-19 00:00:00+00:00, 2022-12-20 00:00:00+00:00,
       2022-12-21 00:00:00+00:00, 2022-12-22 00:00:00+00:00,
       2022-12-23 00:00:00+00:00, 2022-12-27 00:00:00+00:00,
       2022-12-28 00:00:00+00:00, 2022-12-29 00:00:00+00:00,
       2022-12-30 00:00:00+00:00,                  'symbol'],
      dtype='object', name='date', length=2519)"
